datetime,value
2026-08-27 14:00:00+07:00,10.6
2026-08-27 15:00:00+07:00,9.4
2026-08-27 16:00:00+07:00,11.4
2026-08-27 17:00:00+07:00,13.0
2026-08-27 18:00:00+07:00,21.2
2026-08-27 19:00:00+07:00,19.3
2026-08-27 20:00:00+07:00,9.7
2026-08-27 21:00:00+07:00,5.9
2026-08-27 22:00:00+07:00,6.7
2026-08-27 23:00:00+07:00,9.7
2026-08-28 00:00:00+07:00,18.5
2026-08-28 01:00:00+07:00,27.6
2026-08-28 02:00:00+07:00,31.7
2026-08-28 03:00:00+07:00,49.3
2026-08-28 04:00:00+07:00,64.1
2026-08-28 05:00:00+07:00,74.8
2026-08-28 06:00:00+07:00,101.5
2026-08-28 07:00:00+07:00,48.9
2026-08-28 08:00:00+07:00,42.9
2026-08-28 09:00:00+07:00,39.2
2026-08-28 10:00:00+07:00,41.6
2026-08-28 11:00:00+07:00,17.6
2026-08-28 12:00:00+07:00,15.8
2026-08-28 13:00:00+07:00,11.0
2026-08-28 14:00:00+07:00,12.8
2026-08-28 15:00:00+07:00,14.0
2026-08-28 16:00:00+07:00,18.0
2026-08-28 17:00:00+07:00,26.8
2026-08-28 18:00:00+07:00,28.5
2026-08-28 19:00:00+07:00,37.3
2026-08-28 20:00:00+07:00,38.0
2026-08-28 21:00:00+07:00,36.4
2026-08-28 22:00:00+07:00,37.8
2026-08-28 23:00:00+07:00,36.7
2026-08-29 00:00:00+07:00,79.6
2026-08-29 01:00:00+07:00,158.6
2026-08-29 02:00:00+07:00,65.5
2026-08-29 03:00:00+07:00,111.2
2026-08-29 04:00:00+07:00,64.7
2026-08-29 05:00:00+07:00,76.2
2026-08-29 06:00:00+07:00,89.4
2026-08-29 07:00:00+07:00,112.1
2026-08-29 08:00:00+07:00,76.3
2026-08-29 09:00:00+07:00,45.3
2026-08-29 10:00:00+07:00,31.8
2026-08-29 11:00:00+07:00,33.8
2026-08-29 12:00:00+07:00,38.7
2026-08-29 13:00:00+07:00,39.2
2026-08-29 14:00:00+07:00,35.6
2026-08-29 15:00:00+07:00,36.4
2026-08-29 16:00:00+07:00,35.7
2026-08-29 17:00:00+07:00,37.8
2026-08-29 18:00:00+07:00,36.7
2026-08-29 19:00:00+07:00,36.1
2026-08-29 20:00:00+07:00,37.7
2026-08-29 21:00:00+07:00,40.1
2026-08-29 22:00:00+07:00,62.6
2026-08-29 23:00:00+07:00,86.9
2026-08-30 00:00:00+07:00,81.4
2026-08-30 01:00:00+07:00,75.5
2026-08-30 02:00:00+07:00,89.6
2026-08-30 03:00:00+07:00,150.4
2026-08-30 04:00:00+07:00,165.2
2026-08-30 05:00:00+07:00,103.1
2026-08-30 06:00:00+07:00,86.8
2026-08-30 07:00:00+07:00,154.8
2026-08-30 08:00:00+07:00,70.0
2026-08-30 09:00:00+07:00,28.7
2026-08-30 10:00:00+07:00,32.3
2026-08-30 11:00:00+07:00,31.0
2026-08-30 12:00:00+07:00,30.5
2026-08-30 13:00:00+07:00,31.2
2026-08-30 14:00:00+07:00,27.2
2026-08-30 15:00:00+07:00,27.4
2026-08-30 16:00:00+07:00,29.8
2026-08-30 17:00:00+07:00,28.7
2026-08-30 18:00:00+07:00,26.4
2026-08-30 19:00:00+07:00,16.9
2026-08-30 20:00:00+07:00,15.9
2026-08-30 21:00:00+07:00,12.3
2026-08-30 22:00:00+07:00,10.6
2026-08-30 23:00:00+07:00,17.5
2026-08-31 00:00:00+07:00,15.9
2026-08-31 01:00:00+07:00,15.8
2026-08-31 02:00:00+07:00,26.6
2026-08-31 03:00:00+07:00,43.2
2026-08-31 04:00:00+07:00,47.2
2026-08-31 05:00:00+07:00,54.5
2026-08-31 06:00:00+07:00,69.5
2026-08-31 07:00:00+07:00,76.2
2026-08-31 08:00:00+07:00,76.7
2026-08-31 09:00:00+07:00,52.9
2026-08-31 10:00:00+07:00,58.0
2026-08-31 11:00:00+07:00,51.4
2026-08-31 12:00:00+07:00,53.9
2026-08-31 13:00:00+07:00,43.5
2026-08-31 14:00:00+07:00,37.1
2026-08-31 15:00:00+07:00,27.5
2026-08-31 16:00:00+07:00,28.4
2026-08-31 17:00:00+07:00,30.9
2026-08-31 18:00:00+07:00,31.7
2026-08-31 19:00:00+07:00,29.5
2026-08-31 20:00:00+07:00,41.7
2026-08-31 21:00:00+07:00,43.0
2026-08-31 22:00:00+07:00,45.5
2026-08-31 23:00:00+07:00,61.2
2026-09-01 00:00:00+07:00,76.5
2026-09-01 01:00:00+07:00,84.8
2026-09-01 02:00:00+07:00,92.3
2026-09-01 03:00:00+07:00,75.9
2026-09-01 04:00:00+07:00,85.3
2026-09-01 05:00:00+07:00,114.6
2026-09-01 06:00:00+07:00,82.1
2026-09-01 07:00:00+07:00,69.5
2026-09-01 08:00:00+07:00,68.4
2026-09-01 09:00:00+07:00,71.4
2026-09-01 10:00:00+07:00,66.6
2026-09-01 11:00:00+07:00,53.9
2026-09-01 12:00:00+07:00,48.8
2026-09-01 13:00:00+07:00,45.1
2026-09-01 14:00:00+07:00,39.7
2026-09-01 15:00:00+07:00,41.2
2026-09-01 16:00:00+07:00,42.1
2026-09-01 17:00:00+07:00,43.6
2026-09-01 18:00:00+07:00,46.4
2026-09-01 19:00:00+07:00,44.4
2026-09-01 20:00:00+07:00,45.6
2026-09-01 21:00:00+07:00,44.8
2026-09-01 22:00:00+07:00,93.2
2026-09-01 23:00:00+07:00,101.8
2026-09-02 00:00:00+07:00,73.7
2026-09-02 01:00:00+07:00,67.3
2026-09-02 02:00:00+07:00,59.3
2026-09-02 03:00:00+07:00,51.9
2026-09-02 04:00:00+07:00,50.8
2026-09-02 05:00:00+07:00,48.2
2026-09-02 06:00:00+07:00,51.1
2026-09-02 07:00:00+07:00,64.4
2026-09-02 08:00:00+07:00,67.7
2026-09-02 09:00:00+07:00,49.3
2026-09-02 10:00:00+07:00,41.7
2026-09-02 11:00:00+07:00,46.5
2026-09-02 12:00:00+07:00,49.7
2026-09-02 13:00:00+07:00,50.6
2026-09-02 14:00:00+07:00,45.0
2026-09-02 15:00:00+07:00,43.4
2026-09-02 16:00:00+07:00,39.8
2026-09-02 17:00:00+07:00,33.2
2026-09-02 18:00:00+07:00,36.6
2026-09-02 19:00:00+07:00,35.6
2026-09-02 20:00:00+07:00,33.5
2026-09-02 21:00:00+07:00,32.6
2026-09-02 22:00:00+07:00,40.2
2026-09-02 23:00:00+07:00,31.8
2026-09-03 00:00:00+07:00,22.9
2026-09-03 01:00:00+07:00,20.9
2026-09-03 02:00:00+07:00,23.6
2026-09-03 03:00:00+07:00,21.2
2026-09-03 04:00:00+07:00,22.3
2026-09-03 05:00:00+07:00,29.8
2026-09-03 06:00:00+07:00,45.4
2026-09-03 07:00:00+07:00,45.4
2026-09-03 08:00:00+07:00,50.1
2026-09-03 09:00:00+07:00,45.9
2026-09-03 10:00:00+07:00,46.9
2026-09-03 11:00:00+07:00,46.1
2026-09-03 12:00:00+07:00,48.6
2026-09-03 13:00:00+07:00,47.5
2026-09-03 14:00:00+07:00,42.2
2026-09-03 15:00:00+07:00,39.4
2026-09-03 16:00:00+07:00,40.3
2026-09-03 17:00:00+07:00,38.6
2026-09-03 18:00:00+07:00,34.9
2026-09-03 19:00:00+07:00,32.0
2026-09-03 20:00:00+07:00,32.8
2026-09-03 21:00:00+07:00,35.6
2026-09-03 22:00:00+07:00,38.2
2026-09-03 23:00:00+07:00,38.9
2026-09-04 00:00:00+07:00,37.6
2026-09-04 01:00:00+07:00,26.7
2026-09-04 02:00:00+07:00,28.3
2026-09-04 03:00:00+07:00,28.9
2026-09-04 04:00:00+07:00,22.8
2026-09-04 05:00:00+07:00,22.1
2026-09-04 09:00:00+07:00,47.1
2026-09-04 10:00:00+07:00,47.3
2026-09-04 11:00:00+07:00,53.0
2026-09-04 12:00:00+07:00,45.1
2026-09-04 13:00:00+07:00,31.6
2026-09-04 14:00:00+07:00,24.3
2026-09-04 15:00:00+07:00,24.3
2026-09-04 16:00:00+07:00,22.6
2026-09-04 17:00:00+07:00,24.8
2026-09-04 18:00:00+07:00,23.2
2026-09-04 19:00:00+07:00,23.8
2026-09-04 20:00:00+07:00,26.8
2026-09-04 21:00:00+07:00,22.2
2026-09-04 22:00:00+07:00,14.6
2026-09-04 23:00:00+07:00,6.4
2026-09-05 00:00:00+07:00,4.6
2026-09-05 01:00:00+07:00,3.5
2026-09-05 02:00:00+07:00,3.3
2026-09-05 03:00:00+07:00,1.8
2026-09-05 04:00:00+07:00,1.2
2026-09-05 05:00:00+07:00,1.9
2026-09-05 06:00:00+07:00,5.1
2026-09-05 07:00:00+07:00,9.4
2026-09-05 08:00:00+07:00,28.9
2026-09-05 09:00:00+07:00,15.7
2026-09-05 10:00:00+07:00,9.4
2026-09-05 11:00:00+07:00,3.2
2026-09-05 12:00:00+07:00,2.6
2026-09-05 13:00:00+07:00,2.5
2026-09-05 14:00:00+07:00,2.1
2026-09-05 15:00:00+07:00,2.2
2026-09-05 16:00:00+07:00,4.5
2026-09-05 17:00:00+07:00,8.1
2026-09-05 18:00:00+07:00,19.3
2026-09-05 19:00:00+07:00,27.1
2026-09-05 20:00:00+07:00,14.1
2026-09-05 21:00:00+07:00,9.9
2026-09-05 22:00:00+07:00,8.2
2026-09-05 23:00:00+07:00,7.7
2026-09-06 00:00:00+07:00,7.4
2026-09-06 01:00:00+07:00,9.5
2026-09-06 02:00:00+07:00,24.6
2026-09-06 03:00:00+07:00,32.3
2026-09-06 04:00:00+07:00,31.8
2026-09-06 05:00:00+07:00,35.2
2026-09-06 06:00:00+07:00,48.4
2026-09-06 07:00:00+07:00,50.5
2026-09-06 08:00:00+07:00,42.1
2026-09-06 09:00:00+07:00,48.4
2026-09-06 10:00:00+07:00,31.6
2026-09-06 11:00:00+07:00,25.2
2026-09-06 12:00:00+07:00,21.2
2026-09-06 13:00:00+07:00,21.5
2026-09-06 14:00:00+07:00,21.2
2026-09-06 15:00:00+07:00,17.5
2026-09-06 16:00:00+07:00,22.7
2026-09-06 17:00:00+07:00,27.2
2026-09-06 18:00:00+07:00,24.7
2026-09-06 19:00:00+07:00,18.1
2026-09-06 20:00:00+07:00,12.0
2026-09-06 21:00:00+07:00,14.8
2026-09-06 22:00:00+07:00,10.0
2026-09-06 23:00:00+07:00,7.5
2026-09-07 00:00:00+07:00,4.6
2026-09-07 01:00:00+07:00,4.2
2026-09-07 02:00:00+07:00,4.1
2026-09-07 03:00:00+07:00,6.4
2026-09-07 04:00:00+07:00,3.4
2026-09-07 05:00:00+07:00,3.8
2026-09-07 06:00:00+07:00,6.2
2026-09-07 07:00:00+07:00,22.5
2026-09-07 08:00:00+07:00,37.6
2026-09-07 09:00:00+07:00,32.2
2026-09-07 10:00:00+07:00,22.8
2026-09-07 11:00:00+07:00,20.7
2026-09-07 12:00:00+07:00,19.7
2026-09-07 13:00:00+07:00,23.9
2026-09-07 14:00:00+07:00,23.7
2026-09-07 15:00:00+07:00,23.5
2026-09-07 16:00:00+07:00,24.1
2026-09-07 17:00:00+07:00,26.9
2026-09-07 18:00:00+07:00,22.2
2026-09-07 19:00:00+07:00,19.3
2026-09-07 20:00:00+07:00,22.9
2026-09-07 21:00:00+07:00,19.7
2026-09-07 22:00:00+07:00,25.2
2026-09-07 23:00:00+07:00,21.7
2026-09-08 00:00:00+07:00,20.5
2026-09-08 01:00:00+07:00,22.1
2026-09-08 02:00:00+07:00,14.3
2026-09-08 03:00:00+07:00,15.3
2026-09-08 04:00:00+07:00,26.8
2026-09-08 05:00:00+07:00,41.3
2026-09-08 06:00:00+07:00,45.6
2026-09-08 07:00:00+07:00,46.8
2026-09-08 08:00:00+07:00,41.9
2026-09-08 09:00:00+07:00,49.3
2026-09-08 14:00:00+07:00,30.3
2026-09-08 15:00:00+07:00,23.5
2026-09-08 16:00:00+07:00,15.1
2026-09-08 17:00:00+07:00,22.3
2026-09-08 18:00:00+07:00,19.9
2026-09-08 19:00:00+07:00,21.9
2026-09-08 20:00:00+07:00,23.9
2026-09-09 07:00:00+07:00,39.8
2026-09-09 08:00:00+07:00,47.4
2026-09-09 09:00:00+07:00,42.7
2026-09-09 10:00:00+07:00,40.3
2026-09-09 11:00:00+07:00,16.6
2026-09-09 12:00:00+07:00,22.4
2026-09-09 13:00:00+07:00,30.0
2026-09-09 14:00:00+07:00,30.2
2026-09-09 15:00:00+07:00,30.6
2026-09-09 16:00:00+07:00,29.4
2026-09-09 17:00:00+07:00,30.2
2026-09-09 18:00:00+07:00,34.4
2026-09-09 19:00:00+07:00,34.0
2026-09-09 20:00:00+07:00,38.2
2026-09-09 21:00:00+07:00,41.3
2026-09-09 22:00:00+07:00,39.4
2026-09-09 23:00:00+07:00,32.8
2026-09-10 00:00:00+07:00,30.7
2026-09-10 01:00:00+07:00,30.3
2026-09-10 02:00:00+07:00,27.5
2026-09-10 03:00:00+07:00,27.4
2026-09-10 04:00:00+07:00,37.3
2026-09-10 05:00:00+07:00,36.5
2026-09-10 06:00:00+07:00,39.2
2026-09-10 07:00:00+07:00,46.9
2026-09-10 08:00:00+07:00,53.2
2026-09-10 09:00:00+07:00,52.4
2026-09-10 10:00:00+07:00,48.4
2026-09-10 11:00:00+07:00,49.7
2026-09-10 12:00:00+07:00,53.1
2026-09-10 13:00:00+07:00,53.1
2026-09-10 14:00:00+07:00,50.5
2026-09-10 15:00:00+07:00,50.7
2026-09-10 16:00:00+07:00,47.0
2026-09-10 17:00:00+07:00,45.9
2026-09-10 18:00:00+07:00,43.8
2026-09-10 19:00:00+07:00,42.5
2026-09-10 20:00:00+07:00,43.5
2026-09-10 21:00:00+07:00,44.9
2026-09-10 22:00:00+07:00,43.9
2026-09-10 23:00:00+07:00,47.7
2026-09-11 00:00:00+07:00,52.6
2026-09-11 01:00:00+07:00,48.6
2026-09-11 02:00:00+07:00,57.7
2026-09-11 03:00:00+07:00,52.9
2026-09-11 04:00:00+07:00,53.2
2026-09-11 05:00:00+07:00,51.0
2026-09-11 06:00:00+07:00,55.8
2026-09-11 07:00:00+07:00,51.4
2026-09-11 08:00:00+07:00,71.3
2026-09-11 09:00:00+07:00,77.0
2026-09-11 10:00:00+07:00,73.6
2026-09-11 11:00:00+07:00,67.2
2026-09-11 12:00:00+07:00,65.6
2026-09-11 13:00:00+07:00,57.8
2026-09-11 14:00:00+07:00,58.4
2026-09-11 15:00:00+07:00,50.2
2026-09-11 16:00:00+07:00,45.9
2026-09-11 17:00:00+07:00,46.7
2026-09-11 18:00:00+07:00,47.8
2026-09-11 19:00:00+07:00,47.8
2026-09-11 20:00:00+07:00,44.1
2026-09-11 21:00:00+07:00,46.2
2026-09-11 22:00:00+07:00,48.5
2026-09-11 23:00:00+07:00,54.5
2026-09-12 00:00:00+07:00,57.8
2026-09-12 01:00:00+07:00,64.4
2026-09-12 02:00:00+07:00,70.6
2026-09-12 03:00:00+07:00,76.8
2026-09-12 04:00:00+07:00,78.6
2026-09-12 05:00:00+07:00,81.8
2026-09-12 06:00:00+07:00,114.9
2026-09-12 07:00:00+07:00,111.1
2026-09-12 08:00:00+07:00,77.5
2026-09-12 09:00:00+07:00,39.2
2026-09-12 10:00:00+07:00,39.8
2026-09-12 11:00:00+07:00,35.6
2026-09-12 12:00:00+07:00,33.7
2026-09-12 13:00:00+07:00,23.9
2026-09-12 14:00:00+07:00,14.6
2026-09-12 15:00:00+07:00,18.3
2026-09-12 16:00:00+07:00,17.9
2026-09-12 17:00:00+07:00,18.9
2026-09-12 18:00:00+07:00,21.7
2026-09-12 19:00:00+07:00,19.0
2026-09-12 20:00:00+07:00,20.1
2026-09-12 21:00:00+07:00,31.6
2026-09-12 22:00:00+07:00,40.2
2026-09-12 23:00:00+07:00,59.7
2026-09-13 00:00:00+07:00,70.4
2026-09-13 01:00:00+07:00,69.0
2026-09-13 02:00:00+07:00,53.9
2026-09-13 03:00:00+07:00,129.9
2026-09-13 04:00:00+07:00,203.6
2026-09-13 05:00:00+07:00,170.5
2026-09-13 06:00:00+07:00,119.7
2026-09-13 07:00:00+07:00,77.3
2026-09-13 08:00:00+07:00,56.5
2026-09-13 09:00:00+07:00,28.9
2026-09-13 10:00:00+07:00,30.8
2026-09-13 11:00:00+07:00,31.3
2026-09-13 12:00:00+07:00,28.7
2026-09-13 13:00:00+07:00,29.3
2026-09-13 14:00:00+07:00,31.0
2026-09-13 15:00:00+07:00,31.3
2026-09-13 16:00:00+07:00,32.8
2026-09-13 17:00:00+07:00,37.0
2026-09-13 18:00:00+07:00,48.7
2026-09-13 19:00:00+07:00,47.5
2026-09-13 20:00:00+07:00,52.1
2026-09-13 21:00:00+07:00,65.4
2026-09-13 22:00:00+07:00,74.9
2026-09-13 23:00:00+07:00,66.4
2026-09-14 00:00:00+07:00,68.2
2026-09-14 01:00:00+07:00,94.8
2026-09-14 02:00:00+07:00,77.7
2026-09-14 03:00:00+07:00,45.3
2026-09-14 04:00:00+07:00,42.6
2026-09-14 05:00:00+07:00,43.6
2026-09-14 06:00:00+07:00,63.6
2026-09-14 07:00:00+07:00,68.6
2026-09-14 08:00:00+07:00,72.2
2026-09-14 09:00:00+07:00,58.1
2026-09-14 10:00:00+07:00,50.1
2026-09-14 11:00:00+07:00,49.3
2026-09-14 12:00:00+07:00,47.1
2026-09-14 13:00:00+07:00,40.3
2026-09-14 14:00:00+07:00,40.1
2026-09-14 15:00:00+07:00,39.2
2026-09-14 16:00:00+07:00,35.8
2026-09-14 17:00:00+07:00,33.6
2026-09-14 18:00:00+07:00,28.6
2026-09-14 19:00:00+07:00,23.0
2026-09-14 20:00:00+07:00,19.3
2026-09-14 21:00:00+07:00,28.4
2026-09-14 22:00:00+07:00,40.5
2026-09-14 23:00:00+07:00,38.5
2026-09-15 00:00:00+07:00,31.2
2026-09-15 01:00:00+07:00,34.8
2026-09-15 02:00:00+07:00,35.9
2026-09-15 03:00:00+07:00,53.2
2026-09-15 04:00:00+07:00,51.9
2026-09-15 05:00:00+07:00,54.1
2026-09-15 06:00:00+07:00,76.6
2026-09-15 07:00:00+07:00,77.7
2026-09-15 08:00:00+07:00,71.5
2026-09-15 09:00:00+07:00,49.8
2026-09-15 10:00:00+07:00,30.3
2026-09-15 11:00:00+07:00,30.5
2026-09-15 12:00:00+07:00,29.4
2026-09-15 13:00:00+07:00,28.4
2026-09-15 14:00:00+07:00,28.0
2026-09-15 15:00:00+07:00,26.1
2026-09-15 16:00:00+07:00,23.9
2026-09-15 17:00:00+07:00,24.0
2026-09-15 18:00:00+07:00,27.9
2026-09-15 19:00:00+07:00,29.3
2026-09-15 20:00:00+07:00,24.3
2026-09-15 21:00:00+07:00,13.1
2026-09-15 22:00:00+07:00,11.0
2026-09-15 23:00:00+07:00,8.5
2026-09-16 00:00:00+07:00,10.3
2026-09-16 01:00:00+07:00,8.8
2026-09-16 02:00:00+07:00,9.7
2026-09-16 03:00:00+07:00,28.7
2026-09-16 04:00:00+07:00,44.6
2026-09-16 05:00:00+07:00,70.6
2026-09-16 06:00:00+07:00,70.5
2026-09-16 07:00:00+07:00,53.4
2026-09-16 08:00:00+07:00,48.6
2026-09-16 09:00:00+07:00,42.1
2026-09-16 10:00:00+07:00,45.9
2026-09-16 11:00:00+07:00,37.3
2026-09-16 12:00:00+07:00,44.0
2026-09-16 13:00:00+07:00,40.7
2026-09-16 14:00:00+07:00,37.5
2026-09-16 15:00:00+07:00,35.9
2026-09-16 16:00:00+07:00,40.8
2026-09-16 17:00:00+07:00,31.1
2026-09-16 18:00:00+07:00,24.4
2026-09-16 19:00:00+07:00,27.9
2026-09-16 20:00:00+07:00,28.6
2026-09-16 21:00:00+07:00,26.2
2026-09-16 22:00:00+07:00,30.1
2026-09-16 23:00:00+07:00,19.8
2026-09-17 00:00:00+07:00,18.2
2026-09-17 01:00:00+07:00,22.2
2026-09-17 02:00:00+07:00,21.4
2026-09-17 03:00:00+07:00,19.5
2026-09-17 04:00:00+07:00,19.7
2026-09-17 05:00:00+07:00,21.1
2026-09-17 06:00:00+07:00,27.5
2026-09-17 07:00:00+07:00,37.9
2026-09-17 08:00:00+07:00,49.0
2026-09-17 09:00:00+07:00,51.2
2026-09-17 10:00:00+07:00,46.3
2026-09-17 11:00:00+07:00,24.1
2026-09-17 12:00:00+07:00,22.2
2026-09-17 13:00:00+07:00,24.4
2026-09-17 14:00:00+07:00,26.5
2026-09-17 15:00:00+07:00,47.2
2026-09-17 16:00:00+07:00,52.6
2026-09-17 17:00:00+07:00,46.0
2026-09-17 18:00:00+07:00,32.8
2026-09-17 19:00:00+07:00,34.2
2026-09-17 20:00:00+07:00,34.1
2026-09-17 21:00:00+07:00,32.1
2026-09-17 22:00:00+07:00,33.0
2026-09-17 23:00:00+07:00,31.0
2026-09-18 00:00:00+07:00,33.3
2026-09-18 01:00:00+07:00,36.3
2026-09-18 02:00:00+07:00,41.3
2026-09-18 03:00:00+07:00,48.4
2026-09-18 04:00:00+07:00,47.5
2026-09-18 05:00:00+07:00,50.1
2026-09-18 06:00:00+07:00,84.9
2026-09-18 07:00:00+07:00,57.6
2026-09-18 08:00:00+07:00,49.4
2026-09-18 09:00:00+07:00,37.3
2026-09-18 10:00:00+07:00,38.0
2026-09-18 11:00:00+07:00,42.3
2026-09-18 12:00:00+07:00,37.3
2026-09-18 13:00:00+07:00,34.3
2026-09-18 14:00:00+07:00,33.0
2026-09-18 15:00:00+07:00,31.8
2026-09-18 16:00:00+07:00,32.9
2026-09-18 17:00:00+07:00,38.7
2026-09-18 18:00:00+07:00,40.6
2026-09-18 19:00:00+07:00,37.9
2026-09-18 20:00:00+07:00,32.8
2026-09-18 21:00:00+07:00,50.8
2026-09-18 22:00:00+07:00,58.3
2026-09-18 23:00:00+07:00,62.1
2026-09-19 00:00:00+07:00,65.7
2026-09-19 01:00:00+07:00,57.2
2026-09-19 02:00:00+07:00,55.9
2026-09-19 03:00:00+07:00,56.2
2026-09-19 04:00:00+07:00,66.2
2026-09-19 05:00:00+07:00,68.6
2026-09-19 06:00:00+07:00,64.0
2026-09-19 07:00:00+07:00,43.9
2026-09-19 08:00:00+07:00,44.3
2026-09-19 09:00:00+07:00,48.4
2026-09-19 10:00:00+07:00,49.1
2026-09-19 11:00:00+07:00,42.2
2026-09-19 12:00:00+07:00,42.0
2026-09-19 13:00:00+07:00,36.6
2026-09-19 14:00:00+07:00,47.8
2026-09-19 15:00:00+07:00,52.8
2026-09-19 16:00:00+07:00,53.2
2026-09-19 17:00:00+07:00,51.7
2026-09-19 18:00:00+07:00,42.9
2026-09-19 19:00:00+07:00,43.8
2026-09-19 20:00:00+07:00,42.8
2026-09-19 21:00:00+07:00,37.2
2026-09-19 22:00:00+07:00,34.3
2026-09-19 23:00:00+07:00,34.2
2026-09-20 00:00:00+07:00,32.2
2026-09-20 01:00:00+07:00,33.7
2026-09-20 02:00:00+07:00,47.3
2026-09-20 03:00:00+07:00,48.3
2026-09-20 04:00:00+07:00,47.6
2026-09-20 05:00:00+07:00,52.4
2026-09-20 06:00:00+07:00,58.5
2026-09-20 07:00:00+07:00,53.5
2026-09-20 08:00:00+07:00,62.4
2026-09-20 09:00:00+07:00,56.6
2026-09-20 10:00:00+07:00,44.6
2026-09-20 11:00:00+07:00,43.3
2026-09-20 12:00:00+07:00,41.3
2026-09-20 13:00:00+07:00,46.3
2026-09-20 14:00:00+07:00,45.5
2026-09-20 15:00:00+07:00,42.5
2026-09-20 16:00:00+07:00,35.5
2026-09-20 17:00:00+07:00,33.2
2026-09-20 18:00:00+07:00,31.9
2026-09-20 19:00:00+07:00,33.9
2026-09-20 20:00:00+07:00,44.9
2026-09-20 21:00:00+07:00,47.3
2026-09-20 22:00:00+07:00,48.3
2026-09-20 23:00:00+07:00,48.8
2026-09-21 00:00:00+07:00,46.1
2026-09-21 01:00:00+07:00,45.0
2026-09-21 02:00:00+07:00,46.8
2026-09-21 03:00:00+07:00,43.4
2026-09-21 04:00:00+07:00,52.3
2026-09-21 05:00:00+07:00,47.8
2026-09-21 06:00:00+07:00,49.6
2026-09-21 07:00:00+07:00,53.6
2026-09-21 08:00:00+07:00,54.5
2026-09-21 09:00:00+07:00,47.2
2026-09-21 10:00:00+07:00,32.3
2026-09-21 11:00:00+07:00,32.8
2026-09-21 12:00:00+07:00,34.4
2026-09-21 13:00:00+07:00,32.1
2026-09-21 14:00:00+07:00,33.1
2026-09-21 15:00:00+07:00,34.7
2026-09-21 16:00:00+07:00,40.3
2026-09-21 17:00:00+07:00,45.3
2026-09-21 18:00:00+07:00,52.2
2026-09-21 19:00:00+07:00,43.1
2026-09-21 20:00:00+07:00,43.4
2026-09-21 21:00:00+07:00,35.9
2026-09-21 22:00:00+07:00,32.8
2026-09-21 23:00:00+07:00,31.7
2026-09-22 00:00:00+07:00,33.6
2026-09-22 01:00:00+07:00,35.4
2026-09-22 02:00:00+07:00,42.4
2026-09-22 03:00:00+07:00,44.4
2026-09-22 04:00:00+07:00,48.3
2026-09-22 05:00:00+07:00,46.9
2026-09-22 06:00:00+07:00,59.9
2026-09-22 07:00:00+07:00,59.4
2026-09-22 08:00:00+07:00,55.4
2026-09-22 09:00:00+07:00,47.7
2026-09-22 10:00:00+07:00,41.8
2026-09-22 11:00:00+07:00,38.6
2026-09-22 12:00:00+07:00,47.1
2026-09-22 13:00:00+07:00,43.9
2026-09-22 14:00:00+07:00,39.0
2026-09-22 15:00:00+07:00,37.0
2026-09-22 16:00:00+07:00,39.0
2026-09-22 17:00:00+07:00,43.6
2026-09-22 18:00:00+07:00,42.5
2026-09-22 19:00:00+07:00,39.8
2026-09-22 20:00:00+07:00,41.4
2026-09-22 21:00:00+07:00,37.6
2026-09-22 22:00:00+07:00,37.4
2026-09-22 23:00:00+07:00,45.4
2026-09-23 00:00:00+07:00,73.6
2026-09-23 01:00:00+07:00,82.8
2026-09-23 02:00:00+07:00,71.7
2026-09-23 03:00:00+07:00,81.9
2026-09-23 04:00:00+07:00,72.6
2026-09-23 05:00:00+07:00,110.0
2026-09-23 06:00:00+07:00,96.6
2026-09-23 07:00:00+07:00,73.7
2026-09-23 08:00:00+07:00,47.4
2026-09-23 09:00:00+07:00,41.8
2026-09-23 10:00:00+07:00,40.1
2026-09-23 11:00:00+07:00,39.9
2026-09-23 12:00:00+07:00,44.5
2026-09-23 13:00:00+07:00,47.7
2026-09-23 14:00:00+07:00,45.8
2026-09-23 15:00:00+07:00,39.4
2026-09-23 16:00:00+07:00,41.3
2026-09-23 17:00:00+07:00,39.9
2026-09-23 18:00:00+07:00,37.2
2026-09-23 19:00:00+07:00,30.1
2026-09-23 20:00:00+07:00,24.2
2026-09-23 21:00:00+07:00,35.2
2026-09-23 22:00:00+07:00,42.2
2026-09-23 23:00:00+07:00,55.5
2026-09-24 00:00:00+07:00,71.9
2026-09-24 01:00:00+07:00,68.7
2026-09-24 02:00:00+07:00,55.9
2026-09-24 03:00:00+07:00,62.5
2026-09-24 04:00:00+07:00,58.3
2026-09-24 05:00:00+07:00,50.6
2026-09-24 06:00:00+07:00,79.1
2026-09-24 07:00:00+07:00,85.9
2026-09-24 08:00:00+07:00,67.8
2026-09-24 09:00:00+07:00,32.7
2026-09-24 10:00:00+07:00,34.0
2026-09-24 11:00:00+07:00,38.3
2026-09-24 12:00:00+07:00,35.9
2026-09-24 13:00:00+07:00,31.0
2026-09-24 14:00:00+07:00,30.1
2026-09-24 15:00:00+07:00,28.1
2026-09-24 16:00:00+07:00,27.8
2026-09-24 17:00:00+07:00,27.9
2026-09-24 18:00:00+07:00,29.6
2026-09-24 19:00:00+07:00,24.1
2026-09-24 20:00:00+07:00,21.9
2026-09-24 21:00:00+07:00,22.8
2026-09-24 22:00:00+07:00,22.2
2026-09-24 23:00:00+07:00,28.0
2026-09-25 00:00:00+07:00,75.8
2026-09-25 01:00:00+07:00,67.5
2026-09-25 02:00:00+07:00,62.6
2026-09-25 03:00:00+07:00,57.6
2026-09-25 04:00:00+07:00,54.8
2026-09-25 05:00:00+07:00,62.9
2026-09-25 06:00:00+07:00,112.2
2026-09-25 07:00:00+07:00,105.7
2026-09-25 08:00:00+07:00,44.3
2026-09-25 09:00:00+07:00,32.6
2026-09-25 10:00:00+07:00,34.8
2026-09-25 11:00:00+07:00,32.7
2026-09-25 12:00:00+07:00,32.2
2026-09-25 13:00:00+07:00,33.8
2026-09-25 14:00:00+07:00,32.4
2026-09-25 15:00:00+07:00,30.0
2026-09-25 16:00:00+07:00,32.4
2026-09-25 17:00:00+07:00,39.8
2026-09-25 18:00:00+07:00,41.5
2026-09-25 19:00:00+07:00,34.5
2026-09-25 20:00:00+07:00,23.9
2026-09-25 21:00:00+07:00,24.1
2026-09-25 22:00:00+07:00,40.0
2026-09-25 23:00:00+07:00,72.9
2026-09-26 00:00:00+07:00,90.5
2026-09-26 01:00:00+07:00,101.5
2026-09-26 02:00:00+07:00,96.2
2026-09-26 03:00:00+07:00,67.4
2026-09-26 04:00:00+07:00,75.1
2026-09-26 05:00:00+07:00,75.4
2026-09-26 06:00:00+07:00,100.8
2026-09-26 07:00:00+07:00,106.7
2026-09-26 08:00:00+07:00,40.4
2026-09-26 09:00:00+07:00,35.6
2026-09-26 10:00:00+07:00,37.3
2026-09-26 11:00:00+07:00,37.3
2026-09-26 12:00:00+07:00,26.9
2026-09-26 13:00:00+07:00,25.8
2026-09-26 14:00:00+07:00,25.7
