location_id,sensor_id,parameter,datetime_utc,datetime_local,value,unit
6144741,14739443,pm25,2026-08-27T07:00:00Z,2026-08-27T14:00:00+07:00,10.6,µg/m³
6144741,14739443,pm25,2026-08-27T08:00:00Z,2026-08-27T15:00:00+07:00,9.4,µg/m³
6144741,14739443,pm25,2026-08-27T09:00:00Z,2026-08-27T16:00:00+07:00,11.4,µg/m³
6144741,14739443,pm25,2026-08-27T10:00:00Z,2026-08-27T17:00:00+07:00,13.0,µg/m³
6144741,14739443,pm25,2026-08-27T11:00:00Z,2026-08-27T18:00:00+07:00,21.2,µg/m³
6144741,14739443,pm25,2026-08-27T12:00:00Z,2026-08-27T19:00:00+07:00,19.3,µg/m³
6144741,14739443,pm25,2026-08-27T13:00:00Z,2026-08-27T20:00:00+07:00,9.7,µg/m³
6144741,14739443,pm25,2026-08-27T14:00:00Z,2026-08-27T21:00:00+07:00,5.9,µg/m³
6144741,14739443,pm25,2026-08-27T15:00:00Z,2026-08-27T22:00:00+07:00,6.7,µg/m³
6144741,14739443,pm25,2026-08-27T16:00:00Z,2026-08-27T23:00:00+07:00,9.7,µg/m³
6144741,14739443,pm25,2026-08-27T17:00:00Z,2026-08-28T00:00:00+07:00,18.5,µg/m³
6144741,14739443,pm25,2026-08-27T18:00:00Z,2026-08-28T01:00:00+07:00,27.6,µg/m³
6144741,14739443,pm25,2026-08-27T19:00:00Z,2026-08-28T02:00:00+07:00,31.7,µg/m³
6144741,14739443,pm25,2026-08-27T20:00:00Z,2026-08-28T03:00:00+07:00,49.3,µg/m³
6144741,14739443,pm25,2026-08-27T21:00:00Z,2026-08-28T04:00:00+07:00,64.1,µg/m³
6144741,14739443,pm25,2026-08-27T22:00:00Z,2026-08-28T05:00:00+07:00,74.8,µg/m³
6144741,14739443,pm25,2026-08-27T23:00:00Z,2026-08-28T06:00:00+07:00,101.5,µg/m³
6144741,14739443,pm25,2026-08-28T00:00:00Z,2026-08-28T07:00:00+07:00,48.9,µg/m³
6144741,14739443,pm25,2026-08-28T01:00:00Z,2026-08-28T08:00:00+07:00,42.9,µg/m³
6144741,14739443,pm25,2026-08-28T02:00:00Z,2026-08-28T09:00:00+07:00,39.2,µg/m³
6144741,14739443,pm25,2026-08-28T03:00:00Z,2026-08-28T10:00:00+07:00,41.6,µg/m³
6144741,14739443,pm25,2026-08-28T04:00:00Z,2026-08-28T11:00:00+07:00,17.6,µg/m³
6144741,14739443,pm25,2026-08-28T05:00:00Z,2026-08-28T12:00:00+07:00,15.8,µg/m³
6144741,14739443,pm25,2026-08-28T06:00:00Z,2026-08-28T13:00:00+07:00,11.0,µg/m³
6144741,14739443,pm25,2026-08-28T07:00:00Z,2026-08-28T14:00:00+07:00,12.8,µg/m³
6144741,14739443,pm25,2026-08-28T08:00:00Z,2026-08-28T15:00:00+07:00,14.0,µg/m³
6144741,14739443,pm25,2026-08-28T09:00:00Z,2026-08-28T16:00:00+07:00,18.0,µg/m³
6144741,14739443,pm25,2026-08-28T10:00:00Z,2026-08-28T17:00:00+07:00,26.8,µg/m³
6144741,14739443,pm25,2026-08-28T11:00:00Z,2026-08-28T18:00:00+07:00,28.5,µg/m³
6144741,14739443,pm25,2026-08-28T12:00:00Z,2026-08-28T19:00:00+07:00,37.3,µg/m³
6144741,14739443,pm25,2026-08-28T13:00:00Z,2026-08-28T20:00:00+07:00,38.0,µg/m³
6144741,14739443,pm25,2026-08-28T14:00:00Z,2026-08-28T21:00:00+07:00,36.4,µg/m³
6144741,14739443,pm25,2026-08-28T15:00:00Z,2026-08-28T22:00:00+07:00,37.8,µg/m³
6144741,14739443,pm25,2026-08-28T16:00:00Z,2026-08-28T23:00:00+07:00,36.7,µg/m³
6144741,14739443,pm25,2026-08-28T17:00:00Z,2026-08-29T00:00:00+07:00,79.6,µg/m³
6144741,14739443,pm25,2026-08-28T18:00:00Z,2026-08-29T01:00:00+07:00,158.6,µg/m³
6144741,14739443,pm25,2026-08-28T19:00:00Z,2026-08-29T02:00:00+07:00,65.5,µg/m³
6144741,14739443,pm25,2026-08-28T20:00:00Z,2026-08-29T03:00:00+07:00,111.2,µg/m³
6144741,14739443,pm25,2026-08-28T21:00:00Z,2026-08-29T04:00:00+07:00,64.7,µg/m³
6144741,14739443,pm25,2026-08-28T22:00:00Z,2026-08-29T05:00:00+07:00,76.2,µg/m³
6144741,14739443,pm25,2026-08-28T23:00:00Z,2026-08-29T06:00:00+07:00,89.4,µg/m³
6144741,14739443,pm25,2026-08-29T00:00:00Z,2026-08-29T07:00:00+07:00,112.1,µg/m³
6144741,14739443,pm25,2026-08-29T01:00:00Z,2026-08-29T08:00:00+07:00,76.3,µg/m³
6144741,14739443,pm25,2026-08-29T02:00:00Z,2026-08-29T09:00:00+07:00,45.3,µg/m³
6144741,14739443,pm25,2026-08-29T03:00:00Z,2026-08-29T10:00:00+07:00,31.8,µg/m³
6144741,14739443,pm25,2026-08-29T04:00:00Z,2026-08-29T11:00:00+07:00,33.8,µg/m³
6144741,14739443,pm25,2026-08-29T05:00:00Z,2026-08-29T12:00:00+07:00,38.7,µg/m³
6144741,14739443,pm25,2026-08-29T06:00:00Z,2026-08-29T13:00:00+07:00,39.2,µg/m³
6144741,14739443,pm25,2026-08-29T07:00:00Z,2026-08-29T14:00:00+07:00,35.6,µg/m³
6144741,14739443,pm25,2026-08-29T08:00:00Z,2026-08-29T15:00:00+07:00,36.4,µg/m³
6144741,14739443,pm25,2026-08-29T09:00:00Z,2026-08-29T16:00:00+07:00,35.7,µg/m³
6144741,14739443,pm25,2026-08-29T10:00:00Z,2026-08-29T17:00:00+07:00,37.8,µg/m³
6144741,14739443,pm25,2026-08-29T11:00:00Z,2026-08-29T18:00:00+07:00,36.7,µg/m³
6144741,14739443,pm25,2026-08-29T12:00:00Z,2026-08-29T19:00:00+07:00,36.1,µg/m³
6144741,14739443,pm25,2026-08-29T13:00:00Z,2026-08-29T20:00:00+07:00,37.7,µg/m³
6144741,14739443,pm25,2026-08-29T14:00:00Z,2026-08-29T21:00:00+07:00,40.1,µg/m³
6144741,14739443,pm25,2026-08-29T15:00:00Z,2026-08-29T22:00:00+07:00,62.6,µg/m³
6144741,14739443,pm25,2026-08-29T16:00:00Z,2026-08-29T23:00:00+07:00,86.9,µg/m³
6144741,14739443,pm25,2026-08-29T17:00:00Z,2026-08-30T00:00:00+07:00,81.4,µg/m³
6144741,14739443,pm25,2026-08-29T18:00:00Z,2026-08-30T01:00:00+07:00,75.5,µg/m³
6144741,14739443,pm25,2026-08-29T19:00:00Z,2026-08-30T02:00:00+07:00,89.6,µg/m³
6144741,14739443,pm25,2026-08-29T20:00:00Z,2026-08-30T03:00:00+07:00,150.4,µg/m³
6144741,14739443,pm25,2026-08-29T21:00:00Z,2026-08-30T04:00:00+07:00,165.2,µg/m³
6144741,14739443,pm25,2026-08-29T22:00:00Z,2026-08-30T05:00:00+07:00,103.1,µg/m³
6144741,14739443,pm25,2026-08-29T23:00:00Z,2026-08-30T06:00:00+07:00,86.8,µg/m³
6144741,14739443,pm25,2026-08-30T00:00:00Z,2026-08-30T07:00:00+07:00,154.8,µg/m³
6144741,14739443,pm25,2026-08-30T01:00:00Z,2026-08-30T08:00:00+07:00,70.0,µg/m³
6144741,14739443,pm25,2026-08-30T02:00:00Z,2026-08-30T09:00:00+07:00,28.7,µg/m³
6144741,14739443,pm25,2026-08-30T03:00:00Z,2026-08-30T10:00:00+07:00,32.3,µg/m³
6144741,14739443,pm25,2026-08-30T04:00:00Z,2026-08-30T11:00:00+07:00,31.0,µg/m³
6144741,14739443,pm25,2026-08-30T05:00:00Z,2026-08-30T12:00:00+07:00,30.5,µg/m³
6144741,14739443,pm25,2026-08-30T06:00:00Z,2026-08-30T13:00:00+07:00,31.2,µg/m³
6144741,14739443,pm25,2026-08-30T07:00:00Z,2026-08-30T14:00:00+07:00,27.2,µg/m³
6144741,14739443,pm25,2026-08-30T08:00:00Z,2026-08-30T15:00:00+07:00,27.4,µg/m³
6144741,14739443,pm25,2026-08-30T09:00:00Z,2026-08-30T16:00:00+07:00,29.8,µg/m³
6144741,14739443,pm25,2026-08-30T10:00:00Z,2026-08-30T17:00:00+07:00,28.7,µg/m³
6144741,14739443,pm25,2026-08-30T11:00:00Z,2026-08-30T18:00:00+07:00,26.4,µg/m³
6144741,14739443,pm25,2026-08-30T12:00:00Z,2026-08-30T19:00:00+07:00,16.9,µg/m³
6144741,14739443,pm25,2026-08-30T13:00:00Z,2026-08-30T20:00:00+07:00,15.9,µg/m³
6144741,14739443,pm25,2026-08-30T14:00:00Z,2026-08-30T21:00:00+07:00,12.3,µg/m³
6144741,14739443,pm25,2026-08-30T15:00:00Z,2026-08-30T22:00:00+07:00,10.6,µg/m³
6144741,14739443,pm25,2026-08-30T16:00:00Z,2026-08-30T23:00:00+07:00,17.5,µg/m³
6144741,14739443,pm25,2026-08-30T17:00:00Z,2026-08-31T00:00:00+07:00,15.9,µg/m³
6144741,14739443,pm25,2026-08-30T18:00:00Z,2026-08-31T01:00:00+07:00,15.8,µg/m³
6144741,14739443,pm25,2026-08-30T19:00:00Z,2026-08-31T02:00:00+07:00,26.6,µg/m³
6144741,14739443,pm25,2026-08-30T20:00:00Z,2026-08-31T03:00:00+07:00,43.2,µg/m³
6144741,14739443,pm25,2026-08-30T21:00:00Z,2026-08-31T04:00:00+07:00,47.2,µg/m³
6144741,14739443,pm25,2026-08-30T22:00:00Z,2026-08-31T05:00:00+07:00,54.5,µg/m³
6144741,14739443,pm25,2026-08-30T23:00:00Z,2026-08-31T06:00:00+07:00,69.5,µg/m³
6144741,14739443,pm25,2026-08-31T00:00:00Z,2026-08-31T07:00:00+07:00,76.2,µg/m³
6144741,14739443,pm25,2026-08-31T01:00:00Z,2026-08-31T08:00:00+07:00,76.7,µg/m³
6144741,14739443,pm25,2026-08-31T02:00:00Z,2026-08-31T09:00:00+07:00,52.9,µg/m³
6144741,14739443,pm25,2026-08-31T03:00:00Z,2026-08-31T10:00:00+07:00,58.0,µg/m³
6144741,14739443,pm25,2026-08-31T04:00:00Z,2026-08-31T11:00:00+07:00,51.4,µg/m³
6144741,14739443,pm25,2026-08-31T05:00:00Z,2026-08-31T12:00:00+07:00,53.9,µg/m³
6144741,14739443,pm25,2026-08-31T06:00:00Z,2026-08-31T13:00:00+07:00,43.5,µg/m³
6144741,14739443,pm25,2026-08-31T07:00:00Z,2026-08-31T14:00:00+07:00,37.1,µg/m³
6144741,14739443,pm25,2026-08-31T08:00:00Z,2026-08-31T15:00:00+07:00,27.5,µg/m³
6144741,14739443,pm25,2026-08-31T09:00:00Z,2026-08-31T16:00:00+07:00,28.4,µg/m³
6144741,14739443,pm25,2026-08-31T10:00:00Z,2026-08-31T17:00:00+07:00,30.9,µg/m³
6144741,14739443,pm25,2026-08-31T11:00:00Z,2026-08-31T18:00:00+07:00,31.7,µg/m³
6144741,14739443,pm25,2026-08-31T12:00:00Z,2026-08-31T19:00:00+07:00,29.5,µg/m³
6144741,14739443,pm25,2026-08-31T13:00:00Z,2026-08-31T20:00:00+07:00,41.7,µg/m³
6144741,14739443,pm25,2026-08-31T14:00:00Z,2026-08-31T21:00:00+07:00,43.0,µg/m³
6144741,14739443,pm25,2026-08-31T15:00:00Z,2026-08-31T22:00:00+07:00,45.5,µg/m³
6144741,14739443,pm25,2026-08-31T16:00:00Z,2026-08-31T23:00:00+07:00,61.2,µg/m³
6144741,14739443,pm25,2026-08-31T17:00:00Z,2026-09-01T00:00:00+07:00,76.5,µg/m³
6144741,14739443,pm25,2026-08-31T18:00:00Z,2026-09-01T01:00:00+07:00,84.8,µg/m³
6144741,14739443,pm25,2026-08-31T19:00:00Z,2026-09-01T02:00:00+07:00,92.3,µg/m³
6144741,14739443,pm25,2026-08-31T20:00:00Z,2026-09-01T03:00:00+07:00,75.9,µg/m³
6144741,14739443,pm25,2026-08-31T21:00:00Z,2026-09-01T04:00:00+07:00,85.3,µg/m³
6144741,14739443,pm25,2026-08-31T22:00:00Z,2026-09-01T05:00:00+07:00,114.6,µg/m³
6144741,14739443,pm25,2026-08-31T23:00:00Z,2026-09-01T06:00:00+07:00,82.1,µg/m³
6144741,14739443,pm25,2026-09-01T00:00:00Z,2026-09-01T07:00:00+07:00,69.5,µg/m³
6144741,14739443,pm25,2026-09-01T01:00:00Z,2026-09-01T08:00:00+07:00,68.4,µg/m³
6144741,14739443,pm25,2026-09-01T02:00:00Z,2026-09-01T09:00:00+07:00,71.4,µg/m³
6144741,14739443,pm25,2026-09-01T03:00:00Z,2026-09-01T10:00:00+07:00,66.6,µg/m³
6144741,14739443,pm25,2026-09-01T04:00:00Z,2026-09-01T11:00:00+07:00,53.9,µg/m³
6144741,14739443,pm25,2026-09-01T05:00:00Z,2026-09-01T12:00:00+07:00,48.8,µg/m³
6144741,14739443,pm25,2026-09-01T06:00:00Z,2026-09-01T13:00:00+07:00,45.1,µg/m³
6144741,14739443,pm25,2026-09-01T07:00:00Z,2026-09-01T14:00:00+07:00,39.7,µg/m³
6144741,14739443,pm25,2026-09-01T08:00:00Z,2026-09-01T15:00:00+07:00,41.2,µg/m³
6144741,14739443,pm25,2026-09-01T09:00:00Z,2026-09-01T16:00:00+07:00,42.1,µg/m³
6144741,14739443,pm25,2026-09-01T10:00:00Z,2026-09-01T17:00:00+07:00,43.6,µg/m³
6144741,14739443,pm25,2026-09-01T11:00:00Z,2026-09-01T18:00:00+07:00,46.4,µg/m³
6144741,14739443,pm25,2026-09-01T12:00:00Z,2026-09-01T19:00:00+07:00,44.4,µg/m³
6144741,14739443,pm25,2026-09-01T13:00:00Z,2026-09-01T20:00:00+07:00,45.6,µg/m³
6144741,14739443,pm25,2026-09-01T14:00:00Z,2026-09-01T21:00:00+07:00,44.8,µg/m³
6144741,14739443,pm25,2026-09-01T15:00:00Z,2026-09-01T22:00:00+07:00,93.2,µg/m³
6144741,14739443,pm25,2026-09-01T16:00:00Z,2026-09-01T23:00:00+07:00,101.8,µg/m³
6144741,14739443,pm25,2026-09-01T17:00:00Z,2026-09-02T00:00:00+07:00,73.7,µg/m³
6144741,14739443,pm25,2026-09-01T18:00:00Z,2026-09-02T01:00:00+07:00,67.3,µg/m³
6144741,14739443,pm25,2026-09-01T19:00:00Z,2026-09-02T02:00:00+07:00,59.3,µg/m³
6144741,14739443,pm25,2026-09-01T20:00:00Z,2026-09-02T03:00:00+07:00,51.9,µg/m³
6144741,14739443,pm25,2026-09-01T21:00:00Z,2026-09-02T04:00:00+07:00,50.8,µg/m³
6144741,14739443,pm25,2026-09-01T22:00:00Z,2026-09-02T05:00:00+07:00,48.2,µg/m³
6144741,14739443,pm25,2026-09-01T23:00:00Z,2026-09-02T06:00:00+07:00,51.1,µg/m³
6144741,14739443,pm25,2026-09-02T00:00:00Z,2026-09-02T07:00:00+07:00,64.4,µg/m³
6144741,14739443,pm25,2026-09-02T01:00:00Z,2026-09-02T08:00:00+07:00,67.7,µg/m³
6144741,14739443,pm25,2026-09-02T02:00:00Z,2026-09-02T09:00:00+07:00,49.3,µg/m³
6144741,14739443,pm25,2026-09-02T03:00:00Z,2026-09-02T10:00:00+07:00,41.7,µg/m³
6144741,14739443,pm25,2026-09-02T04:00:00Z,2026-09-02T11:00:00+07:00,46.5,µg/m³
6144741,14739443,pm25,2026-09-02T05:00:00Z,2026-09-02T12:00:00+07:00,49.7,µg/m³
6144741,14739443,pm25,2026-09-02T06:00:00Z,2026-09-02T13:00:00+07:00,50.6,µg/m³
6144741,14739443,pm25,2026-09-02T07:00:00Z,2026-09-02T14:00:00+07:00,45.0,µg/m³
6144741,14739443,pm25,2026-09-02T08:00:00Z,2026-09-02T15:00:00+07:00,43.4,µg/m³
6144741,14739443,pm25,2026-09-02T09:00:00Z,2026-09-02T16:00:00+07:00,39.8,µg/m³
6144741,14739443,pm25,2026-09-02T10:00:00Z,2026-09-02T17:00:00+07:00,33.2,µg/m³
6144741,14739443,pm25,2026-09-02T11:00:00Z,2026-09-02T18:00:00+07:00,36.6,µg/m³
6144741,14739443,pm25,2026-09-02T12:00:00Z,2026-09-02T19:00:00+07:00,35.6,µg/m³
6144741,14739443,pm25,2026-09-02T13:00:00Z,2026-09-02T20:00:00+07:00,33.5,µg/m³
6144741,14739443,pm25,2026-09-02T14:00:00Z,2026-09-02T21:00:00+07:00,32.6,µg/m³
6144741,14739443,pm25,2026-09-02T15:00:00Z,2026-09-02T22:00:00+07:00,40.2,µg/m³
6144741,14739443,pm25,2026-09-02T16:00:00Z,2026-09-02T23:00:00+07:00,31.8,µg/m³
6144741,14739443,pm25,2026-09-02T17:00:00Z,2026-09-03T00:00:00+07:00,22.9,µg/m³
6144741,14739443,pm25,2026-09-02T18:00:00Z,2026-09-03T01:00:00+07:00,20.9,µg/m³
6144741,14739443,pm25,2026-09-02T19:00:00Z,2026-09-03T02:00:00+07:00,23.6,µg/m³
6144741,14739443,pm25,2026-09-02T20:00:00Z,2026-09-03T03:00:00+07:00,21.2,µg/m³
6144741,14739443,pm25,2026-09-02T21:00:00Z,2026-09-03T04:00:00+07:00,22.3,µg/m³
6144741,14739443,pm25,2026-09-02T22:00:00Z,2026-09-03T05:00:00+07:00,29.8,µg/m³
6144741,14739443,pm25,2026-09-02T23:00:00Z,2026-09-03T06:00:00+07:00,45.4,µg/m³
6144741,14739443,pm25,2026-09-03T00:00:00Z,2026-09-03T07:00:00+07:00,45.4,µg/m³
6144741,14739443,pm25,2026-09-03T01:00:00Z,2026-09-03T08:00:00+07:00,50.1,µg/m³
6144741,14739443,pm25,2026-09-03T02:00:00Z,2026-09-03T09:00:00+07:00,45.9,µg/m³
6144741,14739443,pm25,2026-09-03T03:00:00Z,2026-09-03T10:00:00+07:00,46.9,µg/m³
6144741,14739443,pm25,2026-09-03T04:00:00Z,2026-09-03T11:00:00+07:00,46.1,µg/m³
6144741,14739443,pm25,2026-09-03T05:00:00Z,2026-09-03T12:00:00+07:00,48.6,µg/m³
6144741,14739443,pm25,2026-09-03T06:00:00Z,2026-09-03T13:00:00+07:00,47.5,µg/m³
6144741,14739443,pm25,2026-09-03T07:00:00Z,2026-09-03T14:00:00+07:00,42.2,µg/m³
6144741,14739443,pm25,2026-09-03T08:00:00Z,2026-09-03T15:00:00+07:00,39.4,µg/m³
6144741,14739443,pm25,2026-09-03T09:00:00Z,2026-09-03T16:00:00+07:00,40.3,µg/m³
6144741,14739443,pm25,2026-09-03T10:00:00Z,2026-09-03T17:00:00+07:00,38.6,µg/m³
6144741,14739443,pm25,2026-09-03T11:00:00Z,2026-09-03T18:00:00+07:00,34.9,µg/m³
6144741,14739443,pm25,2026-09-03T12:00:00Z,2026-09-03T19:00:00+07:00,32.0,µg/m³
6144741,14739443,pm25,2026-09-03T13:00:00Z,2026-09-03T20:00:00+07:00,32.8,µg/m³
6144741,14739443,pm25,2026-09-03T14:00:00Z,2026-09-03T21:00:00+07:00,35.6,µg/m³
6144741,14739443,pm25,2026-09-03T15:00:00Z,2026-09-03T22:00:00+07:00,38.2,µg/m³
6144741,14739443,pm25,2026-09-03T16:00:00Z,2026-09-03T23:00:00+07:00,38.9,µg/m³
6144741,14739443,pm25,2026-09-03T17:00:00Z,2026-09-04T00:00:00+07:00,37.6,µg/m³
6144741,14739443,pm25,2026-09-03T18:00:00Z,2026-09-04T01:00:00+07:00,26.7,µg/m³
6144741,14739443,pm25,2026-09-03T19:00:00Z,2026-09-04T02:00:00+07:00,28.3,µg/m³
6144741,14739443,pm25,2026-09-03T20:00:00Z,2026-09-04T03:00:00+07:00,28.9,µg/m³
6144741,14739443,pm25,2026-09-03T21:00:00Z,2026-09-04T04:00:00+07:00,22.8,µg/m³
6144741,14739443,pm25,2026-09-03T22:00:00Z,2026-09-04T05:00:00+07:00,22.1,µg/m³
6144741,14739443,pm25,2026-09-04T02:00:00Z,2026-09-04T09:00:00+07:00,47.1,µg/m³
6144741,14739443,pm25,2026-09-04T03:00:00Z,2026-09-04T10:00:00+07:00,47.3,µg/m³
6144741,14739443,pm25,2026-09-04T04:00:00Z,2026-09-04T11:00:00+07:00,53.0,µg/m³
6144741,14739443,pm25,2026-09-04T05:00:00Z,2026-09-04T12:00:00+07:00,45.1,µg/m³
6144741,14739443,pm25,2026-09-04T06:00:00Z,2026-09-04T13:00:00+07:00,31.6,µg/m³
6144741,14739443,pm25,2026-09-04T07:00:00Z,2026-09-04T14:00:00+07:00,24.3,µg/m³
6144741,14739443,pm25,2026-09-04T08:00:00Z,2026-09-04T15:00:00+07:00,24.3,µg/m³
6144741,14739443,pm25,2026-09-04T09:00:00Z,2026-09-04T16:00:00+07:00,22.6,µg/m³
6144741,14739443,pm25,2026-09-04T10:00:00Z,2026-09-04T17:00:00+07:00,24.8,µg/m³
6144741,14739443,pm25,2026-09-04T11:00:00Z,2026-09-04T18:00:00+07:00,23.2,µg/m³
6144741,14739443,pm25,2026-09-04T12:00:00Z,2026-09-04T19:00:00+07:00,23.8,µg/m³
6144741,14739443,pm25,2026-09-04T13:00:00Z,2026-09-04T20:00:00+07:00,26.8,µg/m³
6144741,14739443,pm25,2026-09-04T14:00:00Z,2026-09-04T21:00:00+07:00,22.2,µg/m³
6144741,14739443,pm25,2026-09-04T15:00:00Z,2026-09-04T22:00:00+07:00,14.6,µg/m³
6144741,14739443,pm25,2026-09-04T16:00:00Z,2026-09-04T23:00:00+07:00,6.4,µg/m³
6144741,14739443,pm25,2026-09-04T17:00:00Z,2026-09-05T00:00:00+07:00,4.6,µg/m³
6144741,14739443,pm25,2026-09-04T18:00:00Z,2026-09-05T01:00:00+07:00,3.5,µg/m³
6144741,14739443,pm25,2026-09-04T19:00:00Z,2026-09-05T02:00:00+07:00,3.3,µg/m³
6144741,14739443,pm25,2026-09-04T20:00:00Z,2026-09-05T03:00:00+07:00,1.8,µg/m³
6144741,14739443,pm25,2026-09-04T21:00:00Z,2026-09-05T04:00:00+07:00,1.2,µg/m³
6144741,14739443,pm25,2026-09-04T22:00:00Z,2026-09-05T05:00:00+07:00,1.9,µg/m³
6144741,14739443,pm25,2026-09-04T23:00:00Z,2026-09-05T06:00:00+07:00,5.1,µg/m³
6144741,14739443,pm25,2026-09-05T00:00:00Z,2026-09-05T07:00:00+07:00,9.4,µg/m³
6144741,14739443,pm25,2026-09-05T01:00:00Z,2026-09-05T08:00:00+07:00,28.9,µg/m³
6144741,14739443,pm25,2026-09-05T02:00:00Z,2026-09-05T09:00:00+07:00,15.7,µg/m³
6144741,14739443,pm25,2026-09-05T03:00:00Z,2026-09-05T10:00:00+07:00,9.4,µg/m³
6144741,14739443,pm25,2026-09-05T04:00:00Z,2026-09-05T11:00:00+07:00,3.2,µg/m³
6144741,14739443,pm25,2026-09-05T05:00:00Z,2026-09-05T12:00:00+07:00,2.6,µg/m³
6144741,14739443,pm25,2026-09-05T06:00:00Z,2026-09-05T13:00:00+07:00,2.5,µg/m³
6144741,14739443,pm25,2026-09-05T07:00:00Z,2026-09-05T14:00:00+07:00,2.1,µg/m³
6144741,14739443,pm25,2026-09-05T08:00:00Z,2026-09-05T15:00:00+07:00,2.2,µg/m³
6144741,14739443,pm25,2026-09-05T09:00:00Z,2026-09-05T16:00:00+07:00,4.5,µg/m³
6144741,14739443,pm25,2026-09-05T10:00:00Z,2026-09-05T17:00:00+07:00,8.1,µg/m³
6144741,14739443,pm25,2026-09-05T11:00:00Z,2026-09-05T18:00:00+07:00,19.3,µg/m³
6144741,14739443,pm25,2026-09-05T12:00:00Z,2026-09-05T19:00:00+07:00,27.1,µg/m³
6144741,14739443,pm25,2026-09-05T13:00:00Z,2026-09-05T20:00:00+07:00,14.1,µg/m³
6144741,14739443,pm25,2026-09-05T14:00:00Z,2026-09-05T21:00:00+07:00,9.9,µg/m³
6144741,14739443,pm25,2026-09-05T15:00:00Z,2026-09-05T22:00:00+07:00,8.2,µg/m³
6144741,14739443,pm25,2026-09-05T16:00:00Z,2026-09-05T23:00:00+07:00,7.7,µg/m³
6144741,14739443,pm25,2026-09-05T17:00:00Z,2026-09-06T00:00:00+07:00,7.4,µg/m³
6144741,14739443,pm25,2026-09-05T18:00:00Z,2026-09-06T01:00:00+07:00,9.5,µg/m³
6144741,14739443,pm25,2026-09-05T19:00:00Z,2026-09-06T02:00:00+07:00,24.6,µg/m³
6144741,14739443,pm25,2026-09-05T20:00:00Z,2026-09-06T03:00:00+07:00,32.3,µg/m³
6144741,14739443,pm25,2026-09-05T21:00:00Z,2026-09-06T04:00:00+07:00,31.8,µg/m³
6144741,14739443,pm25,2026-09-05T22:00:00Z,2026-09-06T05:00:00+07:00,35.2,µg/m³
6144741,14739443,pm25,2026-09-05T23:00:00Z,2026-09-06T06:00:00+07:00,48.4,µg/m³
6144741,14739443,pm25,2026-09-06T00:00:00Z,2026-09-06T07:00:00+07:00,50.5,µg/m³
6144741,14739443,pm25,2026-09-06T01:00:00Z,2026-09-06T08:00:00+07:00,42.1,µg/m³
6144741,14739443,pm25,2026-09-06T02:00:00Z,2026-09-06T09:00:00+07:00,48.4,µg/m³
6144741,14739443,pm25,2026-09-06T03:00:00Z,2026-09-06T10:00:00+07:00,31.6,µg/m³
6144741,14739443,pm25,2026-09-06T04:00:00Z,2026-09-06T11:00:00+07:00,25.2,µg/m³
6144741,14739443,pm25,2026-09-06T05:00:00Z,2026-09-06T12:00:00+07:00,21.2,µg/m³
6144741,14739443,pm25,2026-09-06T06:00:00Z,2026-09-06T13:00:00+07:00,21.5,µg/m³
6144741,14739443,pm25,2026-09-06T07:00:00Z,2026-09-06T14:00:00+07:00,21.2,µg/m³
6144741,14739443,pm25,2026-09-06T08:00:00Z,2026-09-06T15:00:00+07:00,17.5,µg/m³
6144741,14739443,pm25,2026-09-06T09:00:00Z,2026-09-06T16:00:00+07:00,22.7,µg/m³
6144741,14739443,pm25,2026-09-06T10:00:00Z,2026-09-06T17:00:00+07:00,27.2,µg/m³
6144741,14739443,pm25,2026-09-06T11:00:00Z,2026-09-06T18:00:00+07:00,24.7,µg/m³
6144741,14739443,pm25,2026-09-06T12:00:00Z,2026-09-06T19:00:00+07:00,18.1,µg/m³
6144741,14739443,pm25,2026-09-06T13:00:00Z,2026-09-06T20:00:00+07:00,12.0,µg/m³
6144741,14739443,pm25,2026-09-06T14:00:00Z,2026-09-06T21:00:00+07:00,14.8,µg/m³
6144741,14739443,pm25,2026-09-06T15:00:00Z,2026-09-06T22:00:00+07:00,10.0,µg/m³
6144741,14739443,pm25,2026-09-06T16:00:00Z,2026-09-06T23:00:00+07:00,7.5,µg/m³
6144741,14739443,pm25,2026-09-06T17:00:00Z,2026-09-07T00:00:00+07:00,4.6,µg/m³
6144741,14739443,pm25,2026-09-06T18:00:00Z,2026-09-07T01:00:00+07:00,4.2,µg/m³
6144741,14739443,pm25,2026-09-06T19:00:00Z,2026-09-07T02:00:00+07:00,4.1,µg/m³
6144741,14739443,pm25,2026-09-06T20:00:00Z,2026-09-07T03:00:00+07:00,6.4,µg/m³
6144741,14739443,pm25,2026-09-06T21:00:00Z,2026-09-07T04:00:00+07:00,3.4,µg/m³
6144741,14739443,pm25,2026-09-06T22:00:00Z,2026-09-07T05:00:00+07:00,3.8,µg/m³
6144741,14739443,pm25,2026-09-06T23:00:00Z,2026-09-07T06:00:00+07:00,6.2,µg/m³
6144741,14739443,pm25,2026-09-07T00:00:00Z,2026-09-07T07:00:00+07:00,22.5,µg/m³
6144741,14739443,pm25,2026-09-07T01:00:00Z,2026-09-07T08:00:00+07:00,37.6,µg/m³
6144741,14739443,pm25,2026-09-07T02:00:00Z,2026-09-07T09:00:00+07:00,32.2,µg/m³
6144741,14739443,pm25,2026-09-07T03:00:00Z,2026-09-07T10:00:00+07:00,22.8,µg/m³
6144741,14739443,pm25,2026-09-07T04:00:00Z,2026-09-07T11:00:00+07:00,20.7,µg/m³
6144741,14739443,pm25,2026-09-07T05:00:00Z,2026-09-07T12:00:00+07:00,19.7,µg/m³
6144741,14739443,pm25,2026-09-07T06:00:00Z,2026-09-07T13:00:00+07:00,23.9,µg/m³
6144741,14739443,pm25,2026-09-07T07:00:00Z,2026-09-07T14:00:00+07:00,23.7,µg/m³
6144741,14739443,pm25,2026-09-07T08:00:00Z,2026-09-07T15:00:00+07:00,23.5,µg/m³
6144741,14739443,pm25,2026-09-07T09:00:00Z,2026-09-07T16:00:00+07:00,24.1,µg/m³
6144741,14739443,pm25,2026-09-07T10:00:00Z,2026-09-07T17:00:00+07:00,26.9,µg/m³
6144741,14739443,pm25,2026-09-07T11:00:00Z,2026-09-07T18:00:00+07:00,22.2,µg/m³
6144741,14739443,pm25,2026-09-07T12:00:00Z,2026-09-07T19:00:00+07:00,19.3,µg/m³
6144741,14739443,pm25,2026-09-07T13:00:00Z,2026-09-07T20:00:00+07:00,22.9,µg/m³
6144741,14739443,pm25,2026-09-07T14:00:00Z,2026-09-07T21:00:00+07:00,19.7,µg/m³
6144741,14739443,pm25,2026-09-07T15:00:00Z,2026-09-07T22:00:00+07:00,25.2,µg/m³
6144741,14739443,pm25,2026-09-07T16:00:00Z,2026-09-07T23:00:00+07:00,21.7,µg/m³
6144741,14739443,pm25,2026-09-07T17:00:00Z,2026-09-08T00:00:00+07:00,20.5,µg/m³
6144741,14739443,pm25,2026-09-07T18:00:00Z,2026-09-08T01:00:00+07:00,22.1,µg/m³
6144741,14739443,pm25,2026-09-07T19:00:00Z,2026-09-08T02:00:00+07:00,14.3,µg/m³
6144741,14739443,pm25,2026-09-07T20:00:00Z,2026-09-08T03:00:00+07:00,15.3,µg/m³
6144741,14739443,pm25,2026-09-07T21:00:00Z,2026-09-08T04:00:00+07:00,26.8,µg/m³
6144741,14739443,pm25,2026-09-07T22:00:00Z,2026-09-08T05:00:00+07:00,41.3,µg/m³
6144741,14739443,pm25,2026-09-07T23:00:00Z,2026-09-08T06:00:00+07:00,45.6,µg/m³
6144741,14739443,pm25,2026-09-08T00:00:00Z,2026-09-08T07:00:00+07:00,46.8,µg/m³
6144741,14739443,pm25,2026-09-08T01:00:00Z,2026-09-08T08:00:00+07:00,41.9,µg/m³
6144741,14739443,pm25,2026-09-08T02:00:00Z,2026-09-08T09:00:00+07:00,49.3,µg/m³
6144741,14739443,pm25,2026-09-08T07:00:00Z,2026-09-08T14:00:00+07:00,30.3,µg/m³
6144741,14739443,pm25,2026-09-08T08:00:00Z,2026-09-08T15:00:00+07:00,23.5,µg/m³
6144741,14739443,pm25,2026-09-08T09:00:00Z,2026-09-08T16:00:00+07:00,15.1,µg/m³
6144741,14739443,pm25,2026-09-08T10:00:00Z,2026-09-08T17:00:00+07:00,22.3,µg/m³
6144741,14739443,pm25,2026-09-08T11:00:00Z,2026-09-08T18:00:00+07:00,19.9,µg/m³
6144741,14739443,pm25,2026-09-08T12:00:00Z,2026-09-08T19:00:00+07:00,21.9,µg/m³
6144741,14739443,pm25,2026-09-08T13:00:00Z,2026-09-08T20:00:00+07:00,23.9,µg/m³
6144741,14739443,pm25,2026-09-09T00:00:00Z,2026-09-09T07:00:00+07:00,39.8,µg/m³
6144741,14739443,pm25,2026-09-09T01:00:00Z,2026-09-09T08:00:00+07:00,47.4,µg/m³
6144741,14739443,pm25,2026-09-09T02:00:00Z,2026-09-09T09:00:00+07:00,42.7,µg/m³
6144741,14739443,pm25,2026-09-09T03:00:00Z,2026-09-09T10:00:00+07:00,40.3,µg/m³
6144741,14739443,pm25,2026-09-09T04:00:00Z,2026-09-09T11:00:00+07:00,16.6,µg/m³
6144741,14739443,pm25,2026-09-09T05:00:00Z,2026-09-09T12:00:00+07:00,22.4,µg/m³
6144741,14739443,pm25,2026-09-09T06:00:00Z,2026-09-09T13:00:00+07:00,30.0,µg/m³
6144741,14739443,pm25,2026-09-09T07:00:00Z,2026-09-09T14:00:00+07:00,30.2,µg/m³
6144741,14739443,pm25,2026-09-09T08:00:00Z,2026-09-09T15:00:00+07:00,30.6,µg/m³
6144741,14739443,pm25,2026-09-09T09:00:00Z,2026-09-09T16:00:00+07:00,29.4,µg/m³
6144741,14739443,pm25,2026-09-09T10:00:00Z,2026-09-09T17:00:00+07:00,30.2,µg/m³
6144741,14739443,pm25,2026-09-09T11:00:00Z,2026-09-09T18:00:00+07:00,34.4,µg/m³
6144741,14739443,pm25,2026-09-09T12:00:00Z,2026-09-09T19:00:00+07:00,34.0,µg/m³
6144741,14739443,pm25,2026-09-09T13:00:00Z,2026-09-09T20:00:00+07:00,38.2,µg/m³
6144741,14739443,pm25,2026-09-09T14:00:00Z,2026-09-09T21:00:00+07:00,41.3,µg/m³
6144741,14739443,pm25,2026-09-09T15:00:00Z,2026-09-09T22:00:00+07:00,39.4,µg/m³
6144741,14739443,pm25,2026-09-09T16:00:00Z,2026-09-09T23:00:00+07:00,32.8,µg/m³
6144741,14739443,pm25,2026-09-09T17:00:00Z,2026-09-10T00:00:00+07:00,30.7,µg/m³
6144741,14739443,pm25,2026-09-09T18:00:00Z,2026-09-10T01:00:00+07:00,30.3,µg/m³
6144741,14739443,pm25,2026-09-09T19:00:00Z,2026-09-10T02:00:00+07:00,27.5,µg/m³
6144741,14739443,pm25,2026-09-09T20:00:00Z,2026-09-10T03:00:00+07:00,27.4,µg/m³
6144741,14739443,pm25,2026-09-09T21:00:00Z,2026-09-10T04:00:00+07:00,37.3,µg/m³
6144741,14739443,pm25,2026-09-09T22:00:00Z,2026-09-10T05:00:00+07:00,36.5,µg/m³
6144741,14739443,pm25,2026-09-09T23:00:00Z,2026-09-10T06:00:00+07:00,39.2,µg/m³
6144741,14739443,pm25,2026-09-10T00:00:00Z,2026-09-10T07:00:00+07:00,46.9,µg/m³
6144741,14739443,pm25,2026-09-10T01:00:00Z,2026-09-10T08:00:00+07:00,53.2,µg/m³
6144741,14739443,pm25,2026-09-10T02:00:00Z,2026-09-10T09:00:00+07:00,52.4,µg/m³
6144741,14739443,pm25,2026-09-10T03:00:00Z,2026-09-10T10:00:00+07:00,48.4,µg/m³
6144741,14739443,pm25,2026-09-10T04:00:00Z,2026-09-10T11:00:00+07:00,49.7,µg/m³
6144741,14739443,pm25,2026-09-10T05:00:00Z,2026-09-10T12:00:00+07:00,53.1,µg/m³
6144741,14739443,pm25,2026-09-10T06:00:00Z,2026-09-10T13:00:00+07:00,53.1,µg/m³
6144741,14739443,pm25,2026-09-10T07:00:00Z,2026-09-10T14:00:00+07:00,50.5,µg/m³
6144741,14739443,pm25,2026-09-10T08:00:00Z,2026-09-10T15:00:00+07:00,50.7,µg/m³
6144741,14739443,pm25,2026-09-10T09:00:00Z,2026-09-10T16:00:00+07:00,47.0,µg/m³
6144741,14739443,pm25,2026-09-10T10:00:00Z,2026-09-10T17:00:00+07:00,45.9,µg/m³
6144741,14739443,pm25,2026-09-10T11:00:00Z,2026-09-10T18:00:00+07:00,43.8,µg/m³
6144741,14739443,pm25,2026-09-10T12:00:00Z,2026-09-10T19:00:00+07:00,42.5,µg/m³
6144741,14739443,pm25,2026-09-10T13:00:00Z,2026-09-10T20:00:00+07:00,43.5,µg/m³
6144741,14739443,pm25,2026-09-10T14:00:00Z,2026-09-10T21:00:00+07:00,44.9,µg/m³
6144741,14739443,pm25,2026-09-10T15:00:00Z,2026-09-10T22:00:00+07:00,43.9,µg/m³
6144741,14739443,pm25,2026-09-10T16:00:00Z,2026-09-10T23:00:00+07:00,47.7,µg/m³
6144741,14739443,pm25,2026-09-10T17:00:00Z,2026-09-11T00:00:00+07:00,52.6,µg/m³
6144741,14739443,pm25,2026-09-10T18:00:00Z,2026-09-11T01:00:00+07:00,48.6,µg/m³
6144741,14739443,pm25,2026-09-10T19:00:00Z,2026-09-11T02:00:00+07:00,57.7,µg/m³
6144741,14739443,pm25,2026-09-10T20:00:00Z,2026-09-11T03:00:00+07:00,52.9,µg/m³
6144741,14739443,pm25,2026-09-10T21:00:00Z,2026-09-11T04:00:00+07:00,53.2,µg/m³
6144741,14739443,pm25,2026-09-10T22:00:00Z,2026-09-11T05:00:00+07:00,51.0,µg/m³
6144741,14739443,pm25,2026-09-10T23:00:00Z,2026-09-11T06:00:00+07:00,55.8,µg/m³
6144741,14739443,pm25,2026-09-11T00:00:00Z,2026-09-11T07:00:00+07:00,51.4,µg/m³
6144741,14739443,pm25,2026-09-11T01:00:00Z,2026-09-11T08:00:00+07:00,71.3,µg/m³
6144741,14739443,pm25,2026-09-11T02:00:00Z,2026-09-11T09:00:00+07:00,77.0,µg/m³
6144741,14739443,pm25,2026-09-11T03:00:00Z,2026-09-11T10:00:00+07:00,73.6,µg/m³
6144741,14739443,pm25,2026-09-11T04:00:00Z,2026-09-11T11:00:00+07:00,67.2,µg/m³
6144741,14739443,pm25,2026-09-11T05:00:00Z,2026-09-11T12:00:00+07:00,65.6,µg/m³
6144741,14739443,pm25,2026-09-11T06:00:00Z,2026-09-11T13:00:00+07:00,57.8,µg/m³
6144741,14739443,pm25,2026-09-11T07:00:00Z,2026-09-11T14:00:00+07:00,58.4,µg/m³
6144741,14739443,pm25,2026-09-11T08:00:00Z,2026-09-11T15:00:00+07:00,50.2,µg/m³
6144741,14739443,pm25,2026-09-11T09:00:00Z,2026-09-11T16:00:00+07:00,45.9,µg/m³
6144741,14739443,pm25,2026-09-11T10:00:00Z,2026-09-11T17:00:00+07:00,46.7,µg/m³
6144741,14739443,pm25,2026-09-11T11:00:00Z,2026-09-11T18:00:00+07:00,47.8,µg/m³
6144741,14739443,pm25,2026-09-11T12:00:00Z,2026-09-11T19:00:00+07:00,47.8,µg/m³
6144741,14739443,pm25,2026-09-11T13:00:00Z,2026-09-11T20:00:00+07:00,44.1,µg/m³
6144741,14739443,pm25,2026-09-11T14:00:00Z,2026-09-11T21:00:00+07:00,46.2,µg/m³
6144741,14739443,pm25,2026-09-11T15:00:00Z,2026-09-11T22:00:00+07:00,48.5,µg/m³
6144741,14739443,pm25,2026-09-11T16:00:00Z,2026-09-11T23:00:00+07:00,54.5,µg/m³
6144741,14739443,pm25,2026-09-11T17:00:00Z,2026-09-12T00:00:00+07:00,57.8,µg/m³
6144741,14739443,pm25,2026-09-11T18:00:00Z,2026-09-12T01:00:00+07:00,64.4,µg/m³
6144741,14739443,pm25,2026-09-11T19:00:00Z,2026-09-12T02:00:00+07:00,70.6,µg/m³
6144741,14739443,pm25,2026-09-11T20:00:00Z,2026-09-12T03:00:00+07:00,76.8,µg/m³
6144741,14739443,pm25,2026-09-11T21:00:00Z,2026-09-12T04:00:00+07:00,78.6,µg/m³
6144741,14739443,pm25,2026-09-11T22:00:00Z,2026-09-12T05:00:00+07:00,81.8,µg/m³
6144741,14739443,pm25,2026-09-11T23:00:00Z,2026-09-12T06:00:00+07:00,114.9,µg/m³
6144741,14739443,pm25,2026-09-12T00:00:00Z,2026-09-12T07:00:00+07:00,111.1,µg/m³
6144741,14739443,pm25,2026-09-12T01:00:00Z,2026-09-12T08:00:00+07:00,77.5,µg/m³
6144741,14739443,pm25,2026-09-12T02:00:00Z,2026-09-12T09:00:00+07:00,39.2,µg/m³
6144741,14739443,pm25,2026-09-12T03:00:00Z,2026-09-12T10:00:00+07:00,39.8,µg/m³
6144741,14739443,pm25,2026-09-12T04:00:00Z,2026-09-12T11:00:00+07:00,35.6,µg/m³
6144741,14739443,pm25,2026-09-12T05:00:00Z,2026-09-12T12:00:00+07:00,33.7,µg/m³
6144741,14739443,pm25,2026-09-12T06:00:00Z,2026-09-12T13:00:00+07:00,23.9,µg/m³
6144741,14739443,pm25,2026-09-12T07:00:00Z,2026-09-12T14:00:00+07:00,14.6,µg/m³
6144741,14739443,pm25,2026-09-12T08:00:00Z,2026-09-12T15:00:00+07:00,18.3,µg/m³
6144741,14739443,pm25,2026-09-12T09:00:00Z,2026-09-12T16:00:00+07:00,17.9,µg/m³
6144741,14739443,pm25,2026-09-12T10:00:00Z,2026-09-12T17:00:00+07:00,18.9,µg/m³
6144741,14739443,pm25,2026-09-12T11:00:00Z,2026-09-12T18:00:00+07:00,21.7,µg/m³
6144741,14739443,pm25,2026-09-12T12:00:00Z,2026-09-12T19:00:00+07:00,19.0,µg/m³
6144741,14739443,pm25,2026-09-12T13:00:00Z,2026-09-12T20:00:00+07:00,20.1,µg/m³
6144741,14739443,pm25,2026-09-12T14:00:00Z,2026-09-12T21:00:00+07:00,31.6,µg/m³
6144741,14739443,pm25,2026-09-12T15:00:00Z,2026-09-12T22:00:00+07:00,40.2,µg/m³
6144741,14739443,pm25,2026-09-12T16:00:00Z,2026-09-12T23:00:00+07:00,59.7,µg/m³
6144741,14739443,pm25,2026-09-12T17:00:00Z,2026-09-13T00:00:00+07:00,70.4,µg/m³
6144741,14739443,pm25,2026-09-12T18:00:00Z,2026-09-13T01:00:00+07:00,69.0,µg/m³
6144741,14739443,pm25,2026-09-12T19:00:00Z,2026-09-13T02:00:00+07:00,53.9,µg/m³
6144741,14739443,pm25,2026-09-12T20:00:00Z,2026-09-13T03:00:00+07:00,129.9,µg/m³
6144741,14739443,pm25,2026-09-12T21:00:00Z,2026-09-13T04:00:00+07:00,203.6,µg/m³
6144741,14739443,pm25,2026-09-12T22:00:00Z,2026-09-13T05:00:00+07:00,170.5,µg/m³
6144741,14739443,pm25,2026-09-12T23:00:00Z,2026-09-13T06:00:00+07:00,119.7,µg/m³
6144741,14739443,pm25,2026-09-13T00:00:00Z,2026-09-13T07:00:00+07:00,77.3,µg/m³
6144741,14739443,pm25,2026-09-13T01:00:00Z,2026-09-13T08:00:00+07:00,56.5,µg/m³
6144741,14739443,pm25,2026-09-13T02:00:00Z,2026-09-13T09:00:00+07:00,28.9,µg/m³
6144741,14739443,pm25,2026-09-13T03:00:00Z,2026-09-13T10:00:00+07:00,30.8,µg/m³
6144741,14739443,pm25,2026-09-13T04:00:00Z,2026-09-13T11:00:00+07:00,31.3,µg/m³
6144741,14739443,pm25,2026-09-13T05:00:00Z,2026-09-13T12:00:00+07:00,28.7,µg/m³
6144741,14739443,pm25,2026-09-13T06:00:00Z,2026-09-13T13:00:00+07:00,29.3,µg/m³
6144741,14739443,pm25,2026-09-13T07:00:00Z,2026-09-13T14:00:00+07:00,31.0,µg/m³
6144741,14739443,pm25,2026-09-13T08:00:00Z,2026-09-13T15:00:00+07:00,31.3,µg/m³
6144741,14739443,pm25,2026-09-13T09:00:00Z,2026-09-13T16:00:00+07:00,32.8,µg/m³
6144741,14739443,pm25,2026-09-13T10:00:00Z,2026-09-13T17:00:00+07:00,37.0,µg/m³
6144741,14739443,pm25,2026-09-13T11:00:00Z,2026-09-13T18:00:00+07:00,48.7,µg/m³
6144741,14739443,pm25,2026-09-13T12:00:00Z,2026-09-13T19:00:00+07:00,47.5,µg/m³
6144741,14739443,pm25,2026-09-13T13:00:00Z,2026-09-13T20:00:00+07:00,52.1,µg/m³
6144741,14739443,pm25,2026-09-13T14:00:00Z,2026-09-13T21:00:00+07:00,65.4,µg/m³
6144741,14739443,pm25,2026-09-13T15:00:00Z,2026-09-13T22:00:00+07:00,74.9,µg/m³
6144741,14739443,pm25,2026-09-13T16:00:00Z,2026-09-13T23:00:00+07:00,66.4,µg/m³
6144741,14739443,pm25,2026-09-13T17:00:00Z,2026-09-14T00:00:00+07:00,68.2,µg/m³
6144741,14739443,pm25,2026-09-13T18:00:00Z,2026-09-14T01:00:00+07:00,94.8,µg/m³
6144741,14739443,pm25,2026-09-13T19:00:00Z,2026-09-14T02:00:00+07:00,77.7,µg/m³
6144741,14739443,pm25,2026-09-13T20:00:00Z,2026-09-14T03:00:00+07:00,45.3,µg/m³
6144741,14739443,pm25,2026-09-13T21:00:00Z,2026-09-14T04:00:00+07:00,42.6,µg/m³
6144741,14739443,pm25,2026-09-13T22:00:00Z,2026-09-14T05:00:00+07:00,43.6,µg/m³
6144741,14739443,pm25,2026-09-13T23:00:00Z,2026-09-14T06:00:00+07:00,63.6,µg/m³
6144741,14739443,pm25,2026-09-14T00:00:00Z,2026-09-14T07:00:00+07:00,68.6,µg/m³
6144741,14739443,pm25,2026-09-14T01:00:00Z,2026-09-14T08:00:00+07:00,72.2,µg/m³
6144741,14739443,pm25,2026-09-14T02:00:00Z,2026-09-14T09:00:00+07:00,58.1,µg/m³
6144741,14739443,pm25,2026-09-14T03:00:00Z,2026-09-14T10:00:00+07:00,50.1,µg/m³
6144741,14739443,pm25,2026-09-14T04:00:00Z,2026-09-14T11:00:00+07:00,49.3,µg/m³
6144741,14739443,pm25,2026-09-14T05:00:00Z,2026-09-14T12:00:00+07:00,47.1,µg/m³
6144741,14739443,pm25,2026-09-14T06:00:00Z,2026-09-14T13:00:00+07:00,40.3,µg/m³
6144741,14739443,pm25,2026-09-14T07:00:00Z,2026-09-14T14:00:00+07:00,40.1,µg/m³
6144741,14739443,pm25,2026-09-14T08:00:00Z,2026-09-14T15:00:00+07:00,39.2,µg/m³
6144741,14739443,pm25,2026-09-14T09:00:00Z,2026-09-14T16:00:00+07:00,35.8,µg/m³
6144741,14739443,pm25,2026-09-14T10:00:00Z,2026-09-14T17:00:00+07:00,33.6,µg/m³
6144741,14739443,pm25,2026-09-14T11:00:00Z,2026-09-14T18:00:00+07:00,28.6,µg/m³
6144741,14739443,pm25,2026-09-14T12:00:00Z,2026-09-14T19:00:00+07:00,23.0,µg/m³
6144741,14739443,pm25,2026-09-14T13:00:00Z,2026-09-14T20:00:00+07:00,19.3,µg/m³
6144741,14739443,pm25,2026-09-14T14:00:00Z,2026-09-14T21:00:00+07:00,28.4,µg/m³
6144741,14739443,pm25,2026-09-14T15:00:00Z,2026-09-14T22:00:00+07:00,40.5,µg/m³
6144741,14739443,pm25,2026-09-14T16:00:00Z,2026-09-14T23:00:00+07:00,38.5,µg/m³
6144741,14739443,pm25,2026-09-14T17:00:00Z,2026-09-15T00:00:00+07:00,31.2,µg/m³
6144741,14739443,pm25,2026-09-14T18:00:00Z,2026-09-15T01:00:00+07:00,34.8,µg/m³
6144741,14739443,pm25,2026-09-14T19:00:00Z,2026-09-15T02:00:00+07:00,35.9,µg/m³
6144741,14739443,pm25,2026-09-14T20:00:00Z,2026-09-15T03:00:00+07:00,53.2,µg/m³
6144741,14739443,pm25,2026-09-14T21:00:00Z,2026-09-15T04:00:00+07:00,51.9,µg/m³
6144741,14739443,pm25,2026-09-14T22:00:00Z,2026-09-15T05:00:00+07:00,54.1,µg/m³
6144741,14739443,pm25,2026-09-14T23:00:00Z,2026-09-15T06:00:00+07:00,76.6,µg/m³
6144741,14739443,pm25,2026-09-15T00:00:00Z,2026-09-15T07:00:00+07:00,77.7,µg/m³
6144741,14739443,pm25,2026-09-15T01:00:00Z,2026-09-15T08:00:00+07:00,71.5,µg/m³
6144741,14739443,pm25,2026-09-15T02:00:00Z,2026-09-15T09:00:00+07:00,49.8,µg/m³
6144741,14739443,pm25,2026-09-15T03:00:00Z,2026-09-15T10:00:00+07:00,30.3,µg/m³
6144741,14739443,pm25,2026-09-15T04:00:00Z,2026-09-15T11:00:00+07:00,30.5,µg/m³
6144741,14739443,pm25,2026-09-15T05:00:00Z,2026-09-15T12:00:00+07:00,29.4,µg/m³
6144741,14739443,pm25,2026-09-15T06:00:00Z,2026-09-15T13:00:00+07:00,28.4,µg/m³
6144741,14739443,pm25,2026-09-15T07:00:00Z,2026-09-15T14:00:00+07:00,28.0,µg/m³
6144741,14739443,pm25,2026-09-15T08:00:00Z,2026-09-15T15:00:00+07:00,26.1,µg/m³
6144741,14739443,pm25,2026-09-15T09:00:00Z,2026-09-15T16:00:00+07:00,23.9,µg/m³
6144741,14739443,pm25,2026-09-15T10:00:00Z,2026-09-15T17:00:00+07:00,24.0,µg/m³
6144741,14739443,pm25,2026-09-15T11:00:00Z,2026-09-15T18:00:00+07:00,27.9,µg/m³
6144741,14739443,pm25,2026-09-15T12:00:00Z,2026-09-15T19:00:00+07:00,29.3,µg/m³
6144741,14739443,pm25,2026-09-15T13:00:00Z,2026-09-15T20:00:00+07:00,24.3,µg/m³
6144741,14739443,pm25,2026-09-15T14:00:00Z,2026-09-15T21:00:00+07:00,13.1,µg/m³
6144741,14739443,pm25,2026-09-15T15:00:00Z,2026-09-15T22:00:00+07:00,11.0,µg/m³
6144741,14739443,pm25,2026-09-15T16:00:00Z,2026-09-15T23:00:00+07:00,8.5,µg/m³
6144741,14739443,pm25,2026-09-15T17:00:00Z,2026-09-16T00:00:00+07:00,10.3,µg/m³
6144741,14739443,pm25,2026-09-15T18:00:00Z,2026-09-16T01:00:00+07:00,8.8,µg/m³
6144741,14739443,pm25,2026-09-15T19:00:00Z,2026-09-16T02:00:00+07:00,9.7,µg/m³
6144741,14739443,pm25,2026-09-15T20:00:00Z,2026-09-16T03:00:00+07:00,28.7,µg/m³
6144741,14739443,pm25,2026-09-15T21:00:00Z,2026-09-16T04:00:00+07:00,44.6,µg/m³
6144741,14739443,pm25,2026-09-15T22:00:00Z,2026-09-16T05:00:00+07:00,70.6,µg/m³
6144741,14739443,pm25,2026-09-15T23:00:00Z,2026-09-16T06:00:00+07:00,70.5,µg/m³
6144741,14739443,pm25,2026-09-16T00:00:00Z,2026-09-16T07:00:00+07:00,53.4,µg/m³
6144741,14739443,pm25,2026-09-16T01:00:00Z,2026-09-16T08:00:00+07:00,48.6,µg/m³
6144741,14739443,pm25,2026-09-16T02:00:00Z,2026-09-16T09:00:00+07:00,42.1,µg/m³
6144741,14739443,pm25,2026-09-16T03:00:00Z,2026-09-16T10:00:00+07:00,45.9,µg/m³
6144741,14739443,pm25,2026-09-16T04:00:00Z,2026-09-16T11:00:00+07:00,37.3,µg/m³
6144741,14739443,pm25,2026-09-16T05:00:00Z,2026-09-16T12:00:00+07:00,44.0,µg/m³
6144741,14739443,pm25,2026-09-16T06:00:00Z,2026-09-16T13:00:00+07:00,40.7,µg/m³
6144741,14739443,pm25,2026-09-16T07:00:00Z,2026-09-16T14:00:00+07:00,37.5,µg/m³
6144741,14739443,pm25,2026-09-16T08:00:00Z,2026-09-16T15:00:00+07:00,35.9,µg/m³
6144741,14739443,pm25,2026-09-16T09:00:00Z,2026-09-16T16:00:00+07:00,40.8,µg/m³
6144741,14739443,pm25,2026-09-16T10:00:00Z,2026-09-16T17:00:00+07:00,31.1,µg/m³
6144741,14739443,pm25,2026-09-16T11:00:00Z,2026-09-16T18:00:00+07:00,24.4,µg/m³
6144741,14739443,pm25,2026-09-16T12:00:00Z,2026-09-16T19:00:00+07:00,27.9,µg/m³
6144741,14739443,pm25,2026-09-16T13:00:00Z,2026-09-16T20:00:00+07:00,28.6,µg/m³
6144741,14739443,pm25,2026-09-16T14:00:00Z,2026-09-16T21:00:00+07:00,26.2,µg/m³
6144741,14739443,pm25,2026-09-16T15:00:00Z,2026-09-16T22:00:00+07:00,30.1,µg/m³
6144741,14739443,pm25,2026-09-16T16:00:00Z,2026-09-16T23:00:00+07:00,19.8,µg/m³
6144741,14739443,pm25,2026-09-16T17:00:00Z,2026-09-17T00:00:00+07:00,18.2,µg/m³
6144741,14739443,pm25,2026-09-16T18:00:00Z,2026-09-17T01:00:00+07:00,22.2,µg/m³
6144741,14739443,pm25,2026-09-16T19:00:00Z,2026-09-17T02:00:00+07:00,21.4,µg/m³
6144741,14739443,pm25,2026-09-16T20:00:00Z,2026-09-17T03:00:00+07:00,19.5,µg/m³
6144741,14739443,pm25,2026-09-16T21:00:00Z,2026-09-17T04:00:00+07:00,19.7,µg/m³
6144741,14739443,pm25,2026-09-16T22:00:00Z,2026-09-17T05:00:00+07:00,21.1,µg/m³
6144741,14739443,pm25,2026-09-16T23:00:00Z,2026-09-17T06:00:00+07:00,27.5,µg/m³
6144741,14739443,pm25,2026-09-17T00:00:00Z,2026-09-17T07:00:00+07:00,37.9,µg/m³
6144741,14739443,pm25,2026-09-17T01:00:00Z,2026-09-17T08:00:00+07:00,49.0,µg/m³
6144741,14739443,pm25,2026-09-17T02:00:00Z,2026-09-17T09:00:00+07:00,51.2,µg/m³
6144741,14739443,pm25,2026-09-17T03:00:00Z,2026-09-17T10:00:00+07:00,46.3,µg/m³
6144741,14739443,pm25,2026-09-17T04:00:00Z,2026-09-17T11:00:00+07:00,24.1,µg/m³
6144741,14739443,pm25,2026-09-17T05:00:00Z,2026-09-17T12:00:00+07:00,22.2,µg/m³
6144741,14739443,pm25,2026-09-17T06:00:00Z,2026-09-17T13:00:00+07:00,24.4,µg/m³
6144741,14739443,pm25,2026-09-17T07:00:00Z,2026-09-17T14:00:00+07:00,26.5,µg/m³
6144741,14739443,pm25,2026-09-17T08:00:00Z,2026-09-17T15:00:00+07:00,47.2,µg/m³
6144741,14739443,pm25,2026-09-17T09:00:00Z,2026-09-17T16:00:00+07:00,52.6,µg/m³
6144741,14739443,pm25,2026-09-17T10:00:00Z,2026-09-17T17:00:00+07:00,46.0,µg/m³
6144741,14739443,pm25,2026-09-17T11:00:00Z,2026-09-17T18:00:00+07:00,32.8,µg/m³
6144741,14739443,pm25,2026-09-17T12:00:00Z,2026-09-17T19:00:00+07:00,34.2,µg/m³
6144741,14739443,pm25,2026-09-17T13:00:00Z,2026-09-17T20:00:00+07:00,34.1,µg/m³
6144741,14739443,pm25,2026-09-17T14:00:00Z,2026-09-17T21:00:00+07:00,32.1,µg/m³
6144741,14739443,pm25,2026-09-17T15:00:00Z,2026-09-17T22:00:00+07:00,33.0,µg/m³
6144741,14739443,pm25,2026-09-17T16:00:00Z,2026-09-17T23:00:00+07:00,31.0,µg/m³
6144741,14739443,pm25,2026-09-17T17:00:00Z,2026-09-18T00:00:00+07:00,33.3,µg/m³
6144741,14739443,pm25,2026-09-17T18:00:00Z,2026-09-18T01:00:00+07:00,36.3,µg/m³
6144741,14739443,pm25,2026-09-17T19:00:00Z,2026-09-18T02:00:00+07:00,41.3,µg/m³
6144741,14739443,pm25,2026-09-17T20:00:00Z,2026-09-18T03:00:00+07:00,48.4,µg/m³
6144741,14739443,pm25,2026-09-17T21:00:00Z,2026-09-18T04:00:00+07:00,47.5,µg/m³
6144741,14739443,pm25,2026-09-17T22:00:00Z,2026-09-18T05:00:00+07:00,50.1,µg/m³
6144741,14739443,pm25,2026-09-17T23:00:00Z,2026-09-18T06:00:00+07:00,84.9,µg/m³
6144741,14739443,pm25,2026-09-18T00:00:00Z,2026-09-18T07:00:00+07:00,57.6,µg/m³
6144741,14739443,pm25,2026-09-18T01:00:00Z,2026-09-18T08:00:00+07:00,49.4,µg/m³
6144741,14739443,pm25,2026-09-18T02:00:00Z,2026-09-18T09:00:00+07:00,37.3,µg/m³
6144741,14739443,pm25,2026-09-18T03:00:00Z,2026-09-18T10:00:00+07:00,38.0,µg/m³
6144741,14739443,pm25,2026-09-18T04:00:00Z,2026-09-18T11:00:00+07:00,42.3,µg/m³
6144741,14739443,pm25,2026-09-18T05:00:00Z,2026-09-18T12:00:00+07:00,37.3,µg/m³
6144741,14739443,pm25,2026-09-18T06:00:00Z,2026-09-18T13:00:00+07:00,34.3,µg/m³
6144741,14739443,pm25,2026-09-18T07:00:00Z,2026-09-18T14:00:00+07:00,33.0,µg/m³
6144741,14739443,pm25,2026-09-18T08:00:00Z,2026-09-18T15:00:00+07:00,31.8,µg/m³
6144741,14739443,pm25,2026-09-18T09:00:00Z,2026-09-18T16:00:00+07:00,32.9,µg/m³
6144741,14739443,pm25,2026-09-18T10:00:00Z,2026-09-18T17:00:00+07:00,38.7,µg/m³
6144741,14739443,pm25,2026-09-18T11:00:00Z,2026-09-18T18:00:00+07:00,40.6,µg/m³
6144741,14739443,pm25,2026-09-18T12:00:00Z,2026-09-18T19:00:00+07:00,37.9,µg/m³
6144741,14739443,pm25,2026-09-18T13:00:00Z,2026-09-18T20:00:00+07:00,32.8,µg/m³
6144741,14739443,pm25,2026-09-18T14:00:00Z,2026-09-18T21:00:00+07:00,50.8,µg/m³
6144741,14739443,pm25,2026-09-18T15:00:00Z,2026-09-18T22:00:00+07:00,58.3,µg/m³
6144741,14739443,pm25,2026-09-18T16:00:00Z,2026-09-18T23:00:00+07:00,62.1,µg/m³
6144741,14739443,pm25,2026-09-18T17:00:00Z,2026-09-19T00:00:00+07:00,65.7,µg/m³
6144741,14739443,pm25,2026-09-18T18:00:00Z,2026-09-19T01:00:00+07:00,57.2,µg/m³
6144741,14739443,pm25,2026-09-18T19:00:00Z,2026-09-19T02:00:00+07:00,55.9,µg/m³
6144741,14739443,pm25,2026-09-18T20:00:00Z,2026-09-19T03:00:00+07:00,56.2,µg/m³
6144741,14739443,pm25,2026-09-18T21:00:00Z,2026-09-19T04:00:00+07:00,66.2,µg/m³
6144741,14739443,pm25,2026-09-18T22:00:00Z,2026-09-19T05:00:00+07:00,68.6,µg/m³
6144741,14739443,pm25,2026-09-18T23:00:00Z,2026-09-19T06:00:00+07:00,64.0,µg/m³
6144741,14739443,pm25,2026-09-19T00:00:00Z,2026-09-19T07:00:00+07:00,43.9,µg/m³
6144741,14739443,pm25,2026-09-19T01:00:00Z,2026-09-19T08:00:00+07:00,44.3,µg/m³
6144741,14739443,pm25,2026-09-19T02:00:00Z,2026-09-19T09:00:00+07:00,48.4,µg/m³
6144741,14739443,pm25,2026-09-19T03:00:00Z,2026-09-19T10:00:00+07:00,49.1,µg/m³
6144741,14739443,pm25,2026-09-19T04:00:00Z,2026-09-19T11:00:00+07:00,42.2,µg/m³
6144741,14739443,pm25,2026-09-19T05:00:00Z,2026-09-19T12:00:00+07:00,42.0,µg/m³
6144741,14739443,pm25,2026-09-19T06:00:00Z,2026-09-19T13:00:00+07:00,36.6,µg/m³
6144741,14739443,pm25,2026-09-19T07:00:00Z,2026-09-19T14:00:00+07:00,47.8,µg/m³
6144741,14739443,pm25,2026-09-19T08:00:00Z,2026-09-19T15:00:00+07:00,52.8,µg/m³
6144741,14739443,pm25,2026-09-19T09:00:00Z,2026-09-19T16:00:00+07:00,53.2,µg/m³
6144741,14739443,pm25,2026-09-19T10:00:00Z,2026-09-19T17:00:00+07:00,51.7,µg/m³
6144741,14739443,pm25,2026-09-19T11:00:00Z,2026-09-19T18:00:00+07:00,42.9,µg/m³
6144741,14739443,pm25,2026-09-19T12:00:00Z,2026-09-19T19:00:00+07:00,43.8,µg/m³
6144741,14739443,pm25,2026-09-19T13:00:00Z,2026-09-19T20:00:00+07:00,42.8,µg/m³
6144741,14739443,pm25,2026-09-19T14:00:00Z,2026-09-19T21:00:00+07:00,37.2,µg/m³
6144741,14739443,pm25,2026-09-19T15:00:00Z,2026-09-19T22:00:00+07:00,34.3,µg/m³
6144741,14739443,pm25,2026-09-19T16:00:00Z,2026-09-19T23:00:00+07:00,34.2,µg/m³
6144741,14739443,pm25,2026-09-19T17:00:00Z,2026-09-20T00:00:00+07:00,32.2,µg/m³
6144741,14739443,pm25,2026-09-19T18:00:00Z,2026-09-20T01:00:00+07:00,33.7,µg/m³
6144741,14739443,pm25,2026-09-19T19:00:00Z,2026-09-20T02:00:00+07:00,47.3,µg/m³
6144741,14739443,pm25,2026-09-19T20:00:00Z,2026-09-20T03:00:00+07:00,48.3,µg/m³
6144741,14739443,pm25,2026-09-19T21:00:00Z,2026-09-20T04:00:00+07:00,47.6,µg/m³
6144741,14739443,pm25,2026-09-19T22:00:00Z,2026-09-20T05:00:00+07:00,52.4,µg/m³
6144741,14739443,pm25,2026-09-19T23:00:00Z,2026-09-20T06:00:00+07:00,58.5,µg/m³
6144741,14739443,pm25,2026-09-20T00:00:00Z,2026-09-20T07:00:00+07:00,53.5,µg/m³
6144741,14739443,pm25,2026-09-20T01:00:00Z,2026-09-20T08:00:00+07:00,62.4,µg/m³
6144741,14739443,pm25,2026-09-20T02:00:00Z,2026-09-20T09:00:00+07:00,56.6,µg/m³
6144741,14739443,pm25,2026-09-20T03:00:00Z,2026-09-20T10:00:00+07:00,44.6,µg/m³
6144741,14739443,pm25,2026-09-20T04:00:00Z,2026-09-20T11:00:00+07:00,43.3,µg/m³
6144741,14739443,pm25,2026-09-20T05:00:00Z,2026-09-20T12:00:00+07:00,41.3,µg/m³
6144741,14739443,pm25,2026-09-20T06:00:00Z,2026-09-20T13:00:00+07:00,46.3,µg/m³
6144741,14739443,pm25,2026-09-20T07:00:00Z,2026-09-20T14:00:00+07:00,45.5,µg/m³
6144741,14739443,pm25,2026-09-20T08:00:00Z,2026-09-20T15:00:00+07:00,42.5,µg/m³
6144741,14739443,pm25,2026-09-20T09:00:00Z,2026-09-20T16:00:00+07:00,35.5,µg/m³
6144741,14739443,pm25,2026-09-20T10:00:00Z,2026-09-20T17:00:00+07:00,33.2,µg/m³
6144741,14739443,pm25,2026-09-20T11:00:00Z,2026-09-20T18:00:00+07:00,31.9,µg/m³
6144741,14739443,pm25,2026-09-20T12:00:00Z,2026-09-20T19:00:00+07:00,33.9,µg/m³
6144741,14739443,pm25,2026-09-20T13:00:00Z,2026-09-20T20:00:00+07:00,44.9,µg/m³
6144741,14739443,pm25,2026-09-20T14:00:00Z,2026-09-20T21:00:00+07:00,47.3,µg/m³
6144741,14739443,pm25,2026-09-20T15:00:00Z,2026-09-20T22:00:00+07:00,48.3,µg/m³
6144741,14739443,pm25,2026-09-20T16:00:00Z,2026-09-20T23:00:00+07:00,48.8,µg/m³
6144741,14739443,pm25,2026-09-20T17:00:00Z,2026-09-21T00:00:00+07:00,46.1,µg/m³
6144741,14739443,pm25,2026-09-20T18:00:00Z,2026-09-21T01:00:00+07:00,45.0,µg/m³
6144741,14739443,pm25,2026-09-20T19:00:00Z,2026-09-21T02:00:00+07:00,46.8,µg/m³
6144741,14739443,pm25,2026-09-20T20:00:00Z,2026-09-21T03:00:00+07:00,43.4,µg/m³
6144741,14739443,pm25,2026-09-20T21:00:00Z,2026-09-21T04:00:00+07:00,52.3,µg/m³
6144741,14739443,pm25,2026-09-20T22:00:00Z,2026-09-21T05:00:00+07:00,47.8,µg/m³
6144741,14739443,pm25,2026-09-20T23:00:00Z,2026-09-21T06:00:00+07:00,49.6,µg/m³
6144741,14739443,pm25,2026-09-21T00:00:00Z,2026-09-21T07:00:00+07:00,53.6,µg/m³
6144741,14739443,pm25,2026-09-21T01:00:00Z,2026-09-21T08:00:00+07:00,54.5,µg/m³
6144741,14739443,pm25,2026-09-21T02:00:00Z,2026-09-21T09:00:00+07:00,47.2,µg/m³
6144741,14739443,pm25,2026-09-21T03:00:00Z,2026-09-21T10:00:00+07:00,32.3,µg/m³
6144741,14739443,pm25,2026-09-21T04:00:00Z,2026-09-21T11:00:00+07:00,32.8,µg/m³
6144741,14739443,pm25,2026-09-21T05:00:00Z,2026-09-21T12:00:00+07:00,34.4,µg/m³
6144741,14739443,pm25,2026-09-21T06:00:00Z,2026-09-21T13:00:00+07:00,32.1,µg/m³
6144741,14739443,pm25,2026-09-21T07:00:00Z,2026-09-21T14:00:00+07:00,33.1,µg/m³
6144741,14739443,pm25,2026-09-21T08:00:00Z,2026-09-21T15:00:00+07:00,34.7,µg/m³
6144741,14739443,pm25,2026-09-21T09:00:00Z,2026-09-21T16:00:00+07:00,40.3,µg/m³
6144741,14739443,pm25,2026-09-21T10:00:00Z,2026-09-21T17:00:00+07:00,45.3,µg/m³
6144741,14739443,pm25,2026-09-21T11:00:00Z,2026-09-21T18:00:00+07:00,52.2,µg/m³
6144741,14739443,pm25,2026-09-21T12:00:00Z,2026-09-21T19:00:00+07:00,43.1,µg/m³
6144741,14739443,pm25,2026-09-21T13:00:00Z,2026-09-21T20:00:00+07:00,43.4,µg/m³
6144741,14739443,pm25,2026-09-21T14:00:00Z,2026-09-21T21:00:00+07:00,35.9,µg/m³
6144741,14739443,pm25,2026-09-21T15:00:00Z,2026-09-21T22:00:00+07:00,32.8,µg/m³
6144741,14739443,pm25,2026-09-21T16:00:00Z,2026-09-21T23:00:00+07:00,31.7,µg/m³
6144741,14739443,pm25,2026-09-21T17:00:00Z,2026-09-22T00:00:00+07:00,33.6,µg/m³
6144741,14739443,pm25,2026-09-21T18:00:00Z,2026-09-22T01:00:00+07:00,35.4,µg/m³
6144741,14739443,pm25,2026-09-21T19:00:00Z,2026-09-22T02:00:00+07:00,42.4,µg/m³
6144741,14739443,pm25,2026-09-21T20:00:00Z,2026-09-22T03:00:00+07:00,44.4,µg/m³
6144741,14739443,pm25,2026-09-21T21:00:00Z,2026-09-22T04:00:00+07:00,48.3,µg/m³
6144741,14739443,pm25,2026-09-21T22:00:00Z,2026-09-22T05:00:00+07:00,46.9,µg/m³
6144741,14739443,pm25,2026-09-21T23:00:00Z,2026-09-22T06:00:00+07:00,59.9,µg/m³
6144741,14739443,pm25,2026-09-22T00:00:00Z,2026-09-22T07:00:00+07:00,59.4,µg/m³
6144741,14739443,pm25,2026-09-22T01:00:00Z,2026-09-22T08:00:00+07:00,55.4,µg/m³
6144741,14739443,pm25,2026-09-22T02:00:00Z,2026-09-22T09:00:00+07:00,47.7,µg/m³
6144741,14739443,pm25,2026-09-22T03:00:00Z,2026-09-22T10:00:00+07:00,41.8,µg/m³
6144741,14739443,pm25,2026-09-22T04:00:00Z,2026-09-22T11:00:00+07:00,38.6,µg/m³
6144741,14739443,pm25,2026-09-22T05:00:00Z,2026-09-22T12:00:00+07:00,47.1,µg/m³
6144741,14739443,pm25,2026-09-22T06:00:00Z,2026-09-22T13:00:00+07:00,43.9,µg/m³
6144741,14739443,pm25,2026-09-22T07:00:00Z,2026-09-22T14:00:00+07:00,39.0,µg/m³
6144741,14739443,pm25,2026-09-22T08:00:00Z,2026-09-22T15:00:00+07:00,37.0,µg/m³
6144741,14739443,pm25,2026-09-22T09:00:00Z,2026-09-22T16:00:00+07:00,39.0,µg/m³
6144741,14739443,pm25,2026-09-22T10:00:00Z,2026-09-22T17:00:00+07:00,43.6,µg/m³
6144741,14739443,pm25,2026-09-22T11:00:00Z,2026-09-22T18:00:00+07:00,42.5,µg/m³
6144741,14739443,pm25,2026-09-22T12:00:00Z,2026-09-22T19:00:00+07:00,39.8,µg/m³
6144741,14739443,pm25,2026-09-22T13:00:00Z,2026-09-22T20:00:00+07:00,41.4,µg/m³
6144741,14739443,pm25,2026-09-22T14:00:00Z,2026-09-22T21:00:00+07:00,37.6,µg/m³
6144741,14739443,pm25,2026-09-22T15:00:00Z,2026-09-22T22:00:00+07:00,37.4,µg/m³
6144741,14739443,pm25,2026-09-22T16:00:00Z,2026-09-22T23:00:00+07:00,45.4,µg/m³
6144741,14739443,pm25,2026-09-22T17:00:00Z,2026-09-23T00:00:00+07:00,73.6,µg/m³
6144741,14739443,pm25,2026-09-22T18:00:00Z,2026-09-23T01:00:00+07:00,82.8,µg/m³
6144741,14739443,pm25,2026-09-22T19:00:00Z,2026-09-23T02:00:00+07:00,71.7,µg/m³
6144741,14739443,pm25,2026-09-22T20:00:00Z,2026-09-23T03:00:00+07:00,81.9,µg/m³
6144741,14739443,pm25,2026-09-22T21:00:00Z,2026-09-23T04:00:00+07:00,72.6,µg/m³
6144741,14739443,pm25,2026-09-22T22:00:00Z,2026-09-23T05:00:00+07:00,110.0,µg/m³
6144741,14739443,pm25,2026-09-22T23:00:00Z,2026-09-23T06:00:00+07:00,96.6,µg/m³
6144741,14739443,pm25,2026-09-23T00:00:00Z,2026-09-23T07:00:00+07:00,73.7,µg/m³
6144741,14739443,pm25,2026-09-23T01:00:00Z,2026-09-23T08:00:00+07:00,47.4,µg/m³
6144741,14739443,pm25,2026-09-23T02:00:00Z,2026-09-23T09:00:00+07:00,41.8,µg/m³
6144741,14739443,pm25,2026-09-23T03:00:00Z,2026-09-23T10:00:00+07:00,40.1,µg/m³
6144741,14739443,pm25,2026-09-23T04:00:00Z,2026-09-23T11:00:00+07:00,39.9,µg/m³
6144741,14739443,pm25,2026-09-23T05:00:00Z,2026-09-23T12:00:00+07:00,44.5,µg/m³
6144741,14739443,pm25,2026-09-23T06:00:00Z,2026-09-23T13:00:00+07:00,47.7,µg/m³
6144741,14739443,pm25,2026-09-23T07:00:00Z,2026-09-23T14:00:00+07:00,45.8,µg/m³
6144741,14739443,pm25,2026-09-23T08:00:00Z,2026-09-23T15:00:00+07:00,39.4,µg/m³
6144741,14739443,pm25,2026-09-23T09:00:00Z,2026-09-23T16:00:00+07:00,41.3,µg/m³
6144741,14739443,pm25,2026-09-23T10:00:00Z,2026-09-23T17:00:00+07:00,39.9,µg/m³
6144741,14739443,pm25,2026-09-23T11:00:00Z,2026-09-23T18:00:00+07:00,37.2,µg/m³
6144741,14739443,pm25,2026-09-23T12:00:00Z,2026-09-23T19:00:00+07:00,30.1,µg/m³
6144741,14739443,pm25,2026-09-23T13:00:00Z,2026-09-23T20:00:00+07:00,24.2,µg/m³
6144741,14739443,pm25,2026-09-23T14:00:00Z,2026-09-23T21:00:00+07:00,35.2,µg/m³
6144741,14739443,pm25,2026-09-23T15:00:00Z,2026-09-23T22:00:00+07:00,42.2,µg/m³
6144741,14739443,pm25,2026-09-23T16:00:00Z,2026-09-23T23:00:00+07:00,55.5,µg/m³
6144741,14739443,pm25,2026-09-23T17:00:00Z,2026-09-24T00:00:00+07:00,71.9,µg/m³
6144741,14739443,pm25,2026-09-23T18:00:00Z,2026-09-24T01:00:00+07:00,68.7,µg/m³
6144741,14739443,pm25,2026-09-23T19:00:00Z,2026-09-24T02:00:00+07:00,55.9,µg/m³
6144741,14739443,pm25,2026-09-23T20:00:00Z,2026-09-24T03:00:00+07:00,62.5,µg/m³
6144741,14739443,pm25,2026-09-23T21:00:00Z,2026-09-24T04:00:00+07:00,58.3,µg/m³
6144741,14739443,pm25,2026-09-23T22:00:00Z,2026-09-24T05:00:00+07:00,50.6,µg/m³
6144741,14739443,pm25,2026-09-23T23:00:00Z,2026-09-24T06:00:00+07:00,79.1,µg/m³
6144741,14739443,pm25,2026-09-24T00:00:00Z,2026-09-24T07:00:00+07:00,85.9,µg/m³
6144741,14739443,pm25,2026-09-24T01:00:00Z,2026-09-24T08:00:00+07:00,67.8,µg/m³
6144741,14739443,pm25,2026-09-24T02:00:00Z,2026-09-24T09:00:00+07:00,32.7,µg/m³
6144741,14739443,pm25,2026-09-24T03:00:00Z,2026-09-24T10:00:00+07:00,34.0,µg/m³
6144741,14739443,pm25,2026-09-24T04:00:00Z,2026-09-24T11:00:00+07:00,38.3,µg/m³
6144741,14739443,pm25,2026-09-24T05:00:00Z,2026-09-24T12:00:00+07:00,35.9,µg/m³
6144741,14739443,pm25,2026-09-24T06:00:00Z,2026-09-24T13:00:00+07:00,31.0,µg/m³
6144741,14739443,pm25,2026-09-24T07:00:00Z,2026-09-24T14:00:00+07:00,30.1,µg/m³
6144741,14739443,pm25,2026-09-24T08:00:00Z,2026-09-24T15:00:00+07:00,28.1,µg/m³
6144741,14739443,pm25,2026-09-24T09:00:00Z,2026-09-24T16:00:00+07:00,27.8,µg/m³
6144741,14739443,pm25,2026-09-24T10:00:00Z,2026-09-24T17:00:00+07:00,27.9,µg/m³
6144741,14739443,pm25,2026-09-24T11:00:00Z,2026-09-24T18:00:00+07:00,29.6,µg/m³
6144741,14739443,pm25,2026-09-24T12:00:00Z,2026-09-24T19:00:00+07:00,24.1,µg/m³
6144741,14739443,pm25,2026-09-24T13:00:00Z,2026-09-24T20:00:00+07:00,21.9,µg/m³
6144741,14739443,pm25,2026-09-24T14:00:00Z,2026-09-24T21:00:00+07:00,22.8,µg/m³
6144741,14739443,pm25,2026-09-24T15:00:00Z,2026-09-24T22:00:00+07:00,22.2,µg/m³
6144741,14739443,pm25,2026-09-24T16:00:00Z,2026-09-24T23:00:00+07:00,28.0,µg/m³
6144741,14739443,pm25,2026-09-24T17:00:00Z,2026-09-25T00:00:00+07:00,75.8,µg/m³
6144741,14739443,pm25,2026-09-24T18:00:00Z,2026-09-25T01:00:00+07:00,67.5,µg/m³
6144741,14739443,pm25,2026-09-24T19:00:00Z,2026-09-25T02:00:00+07:00,62.6,µg/m³
6144741,14739443,pm25,2026-09-24T20:00:00Z,2026-09-25T03:00:00+07:00,57.6,µg/m³
6144741,14739443,pm25,2026-09-24T21:00:00Z,2026-09-25T04:00:00+07:00,54.8,µg/m³
6144741,14739443,pm25,2026-09-24T22:00:00Z,2026-09-25T05:00:00+07:00,62.9,µg/m³
6144741,14739443,pm25,2026-09-24T23:00:00Z,2026-09-25T06:00:00+07:00,112.2,µg/m³
6144741,14739443,pm25,2026-09-25T00:00:00Z,2026-09-25T07:00:00+07:00,105.7,µg/m³
6144741,14739443,pm25,2026-09-25T01:00:00Z,2026-09-25T08:00:00+07:00,44.3,µg/m³
6144741,14739443,pm25,2026-09-25T02:00:00Z,2026-09-25T09:00:00+07:00,32.6,µg/m³
6144741,14739443,pm25,2026-09-25T03:00:00Z,2026-09-25T10:00:00+07:00,34.8,µg/m³
6144741,14739443,pm25,2026-09-25T04:00:00Z,2026-09-25T11:00:00+07:00,32.7,µg/m³
6144741,14739443,pm25,2026-09-25T05:00:00Z,2026-09-25T12:00:00+07:00,32.2,µg/m³
6144741,14739443,pm25,2026-09-25T06:00:00Z,2026-09-25T13:00:00+07:00,33.8,µg/m³
6144741,14739443,pm25,2026-09-25T07:00:00Z,2026-09-25T14:00:00+07:00,32.4,µg/m³
6144741,14739443,pm25,2026-09-25T08:00:00Z,2026-09-25T15:00:00+07:00,30.0,µg/m³
6144741,14739443,pm25,2026-09-25T09:00:00Z,2026-09-25T16:00:00+07:00,32.4,µg/m³
6144741,14739443,pm25,2026-09-25T10:00:00Z,2026-09-25T17:00:00+07:00,39.8,µg/m³
6144741,14739443,pm25,2026-09-25T11:00:00Z,2026-09-25T18:00:00+07:00,41.5,µg/m³
6144741,14739443,pm25,2026-09-25T12:00:00Z,2026-09-25T19:00:00+07:00,34.5,µg/m³
6144741,14739443,pm25,2026-09-25T13:00:00Z,2026-09-25T20:00:00+07:00,23.9,µg/m³
6144741,14739443,pm25,2026-09-25T14:00:00Z,2026-09-25T21:00:00+07:00,24.1,µg/m³
6144741,14739443,pm25,2026-09-25T15:00:00Z,2026-09-25T22:00:00+07:00,40.0,µg/m³
6144741,14739443,pm25,2026-09-25T16:00:00Z,2026-09-25T23:00:00+07:00,72.9,µg/m³
6144741,14739443,pm25,2026-09-25T17:00:00Z,2026-09-26T00:00:00+07:00,90.5,µg/m³
6144741,14739443,pm25,2026-09-25T18:00:00Z,2026-09-26T01:00:00+07:00,101.5,µg/m³
6144741,14739443,pm25,2026-09-25T19:00:00Z,2026-09-26T02:00:00+07:00,96.2,µg/m³
6144741,14739443,pm25,2026-09-25T20:00:00Z,2026-09-26T03:00:00+07:00,67.4,µg/m³
6144741,14739443,pm25,2026-09-25T21:00:00Z,2026-09-26T04:00:00+07:00,75.1,µg/m³
6144741,14739443,pm25,2026-09-25T22:00:00Z,2026-09-26T05:00:00+07:00,75.4,µg/m³
6144741,14739443,pm25,2026-09-25T23:00:00Z,2026-09-26T06:00:00+07:00,100.8,µg/m³
6144741,14739443,pm25,2026-09-26T00:00:00Z,2026-09-26T07:00:00+07:00,106.7,µg/m³
6144741,14739443,pm25,2026-09-26T01:00:00Z,2026-09-26T08:00:00+07:00,40.4,µg/m³
6144741,14739443,pm25,2026-09-26T02:00:00Z,2026-09-26T09:00:00+07:00,35.6,µg/m³
6144741,14739443,pm25,2026-09-26T03:00:00Z,2026-09-26T10:00:00+07:00,37.3,µg/m³
6144741,14739443,pm25,2026-09-26T04:00:00Z,2026-09-26T11:00:00+07:00,37.3,µg/m³
6144741,14739443,pm25,2026-09-26T05:00:00Z,2026-09-26T12:00:00+07:00,26.9,µg/m³
6144741,14739443,pm25,2026-09-26T06:00:00Z,2026-09-26T13:00:00+07:00,25.8,µg/m³
6144741,14739443,pm25,2026-09-26T07:00:00Z,2026-09-26T14:00:00+07:00,25.7,µg/m³
